date,sales_units,revenue_idr,transactions,avg_order_value,region,product_category
2023-04-02 00:00:00,7966.0,339634000.0,2859,118795,Jakarta,Fashion
2023-05-07 00:00:00,7665.0,373928000.0,2582,144821,Makassar,Beauty
2023-04-01 00:00:00,7382.0,320153000.0,2219,144278,Surabaya,Electronics
2023-12-22 00:00:00,8367.0,371749000.0,3119,119189,Surabaya,Electronics
2023-10-10 00:00:00,9508.0,446055000.0,3557,125402,Surabaya,Electronics
2023-06-16 00:00:00,7549.0,356769000.0,2306,154714,Bandung,Electronics
2022-12-12 00:00:00,7257.0,292062000.0,2157,135402,Medan,Fashion
2023-05-06 00:00:00,7729.0,306688000.0,2267,135284,Surabaya,Electronics
2022-08-11 00:00:00,6604.0,279275000.0,2088,133752,Surabaya,Fashion
2023-06-12 00:00:00,7844.0,365136000.0,2375,153742,Makassar,Home & Living
2022-07-21 00:00:00,5856.0,261447000.0,1718,152181,Surabaya,Fashion
2021-01-26 00:00:00,4375.0,211380000.0,1393,151745,Makassar,Electronics
2021-02-23 00:00:00,4340.0,216076000.0,1511,143002,Jakarta,Home & Living
2021-06-21 00:00:00,5112.0,228341000.0,1520,150224,Jakarta,Beauty
2023-10-08 00:00:00,10284.0,513465000.0,3391,151420,Jakarta,Fashion
2021-03-05 00:00:00,3775.0,180982000.0,1320,137108,Bandung,Fashion
2021-09-27 00:00:00,6595.0,320449000.0,1901,168568,Jakarta,Electronics
2023-10-19 00:00:00,8684.0,384815000.0,3049,126210,Bandung,Fashion
2021-03-28 00:00:00,5454.0,268189000.0,1607,166888,Makassar,Fashion
2022-03-18 00:00:00,5300.0,246663000.0,1856,132900,Makassar,Home & Living
2022-09-08 00:00:00,7418.0,358438000.0,2858,125416,Surabaya,Electronics
2021-09-30 00:00:00,6907.0,291486000.0,2681,108723,Jakarta,Beauty
2022-03-14 00:00:00,4888.0,224716000.0,1940,115833,Medan,Food & Beverage
2022-01-09 00:00:00,6975.0,288834000.0,2497,115672,Bandung,Food & Beverage
2023-08-29 00:00:00,8782.0,379854000.0,3271,116128,Surabaya,Food & Beverage
2021-08-14 00:00:00,7576.0,342186000.0,2717,125943,Surabaya,Beauty
2022-07-25 00:00:00,6545.0,294072000.0,2047,143660,Surabaya,Beauty
2021-08-08 00:00:00,7195.0,324020000.0,2158,150148,Medan,Food & Beverage
2022-04-24 00:00:00,7500.0,306964000.0,2277,134810,Makassar,Beauty
2022-07-17 00:00:00,,374917000.0,2721,137786,Makassar,Electronics
2022-08-04 00:00:00,6827.0,300614000.0,2417,124375,Surabaya,Fashion
2023-02-09 00:00:00,7108.0,347689000.0,2275,152830,Makassar,Electronics
2022-11-13 00:00:00,8175.0,352873000.0,2580,136772,Makassar,Fashion
2023-05-25 00:00:00,7191.0,348031000.0,2388,145742,Medan,Electronics
2021-05-10 00:00:00,4472.0,198753000.0,1413,140660,Makassar,Fashion
2022-11-17 00:00:00,7689.0,313573000.0,2344,133777,Medan,Fashion
2021-08-19 00:00:00,6089.0,237910000.0,1883,126346,Bandung,Home & Living
2022-09-20 00:00:00,7536.0,355835000.0,2634,135093,Bandung,Home & Living
2022-08-06 00:00:00,7953.0,394195000.0,2955,133399,Medan,Fashion
2023-11-12 00:00:00,9956.0,452933000.0,3009,150526,Surabaya,Electronics
2021-06-04 00:00:00,5130.0,206892000.0,1855,111532,Surabaya,Fashion
2023-02-18 00:00:00,7491.0,354601000.0,2531,140103,Surabaya,Home & Living
2023-03-11 00:00:00,7476.0,334454000.0,2643,126543,Jakarta,Beauty
2023-09-01 00:00:00,8574.0,422406000.0,2573,164169,Jakarta,Electronics
2022-04-15 00:00:00,5307.0,250537000.0,2007,124831,Jakarta,Fashion
2021-08-13 00:00:00,6095.0,270847000.0,1999,135491,Surabaya,Home & Living
2022-05-28 00:00:00,6697.0,334015000.0,2329,143416,Bandung,Fashion
2022-01-19 00:00:00,5420.0,229478000.0,1862,123243,Makassar,Food & Beverage
2022-11-16 00:00:00,7118.0,305545000.0,2825,108158,Jakarta,Electronics
2023-12-09 00:00:00,9421.0,,3244,119723,Surabaya,Fashion
2022-08-14 00:00:00,7938.0,385488000.0,2434,158376,Medan,Fashion
2021-05-24 00:00:00,4903.0,229018000.0,1694,135193,Makassar,Food & Beverage
2022-09-03 00:00:00,8487.0,375788000.0,2552,147252,Surabaya,Home & Living
2023-09-11 00:00:00,8823.0,393348000.0,3371,116686,Makassar,Beauty
2022-05-18 00:00:00,5291.0,270750000.0,1555,174116,Medan,Fashion
2023-01-04 00:00:00,6402.0,286190000.0,2361,121216,Makassar,Food & Beverage
2023-02-15 00:00:00,6057.0,252479000.0,1823,138497,Surabaya,Electronics
2022-07-08 00:00:00,6324.0,307125000.0,2005,153179,Surabaya,Electronics
2021-02-12 00:00:00,4175.0,172510000.0,1425,121060,Jakarta,Beauty
2022-11-27 00:00:00,8277.0,325894000.0,2693,121015,Jakarta,Home & Living
2021-01-31 00:00:00,5117.0,212661000.0,1706,124655,Makassar,Fashion
2021-01-04 00:00:00,5034.0,240372000.0,1440,166925,Surabaya,Food & Beverage
2021-03-07 00:00:00,5539.0,207719000.0,2021,102780,Makassar,Home & Living
2022-01-05 00:00:00,5501.0,237974000.0,1746,136297,Surabaya,Beauty
2023-05-03 00:00:00,6667.0,299431000.0,2388,125390,Makassar,Electronics
2023-11-10 00:00:00,8697.0,359041000.0,3196,112341,Surabaya,Food & Beverage
2022-02-20 00:00:00,6112.0,254095000.0,2035,124862,Bandung,Fashion
2023-05-02 00:00:00,6678.0,308067000.0,2629,117180,Surabaya,Home & Living
2022-10-12 00:00:00,,334428000.0,2741,122009,Medan,Electronics
2021-03-30 00:00:00,4031.0,162391000.0,1228,132240,Jakarta,Fashion
2022-10-06 00:00:00,7273.0,348019000.0,2356,147716,Jakarta,Fashion
2022-09-21 00:00:00,7606.0,356298000.0,2316,153842,Makassar,Food & Beverage
2021-01-23 00:00:00,5390.0,241636000.0,1810,133501,Makassar,Beauty
2022-12-10 00:00:00,7593.0,307207000.0,2403,127843,Surabaya,Food & Beverage
2023-09-28 00:00:00,9312.0,416930000.0,3026,137782,Makassar,Food & Beverage
2022-01-03 00:00:00,5761.0,255612000.0,1967,129950,Jakarta,Electronics
2022-01-25 00:00:00,5346.0,244157000.0,1990,122692,Bandung,Food & Beverage
2023-07-15 00:00:00,8674.0,391874000.0,2696,145354,Makassar,Electronics
2022-12-02 00:00:00,7156.0,305872000.0,2506,122056,Surabaya,Fashion
2021-04-18 00:00:00,5394.0,244719000.0,1709,143194,Medan,Electronics
2023-03-14 00:00:00,6499.0,323623000.0,2474,130810,Medan,Food & Beverage
2021-06-27 00:00:00,6905.0,288103000.0,1985,145140,Makassar,Home & Living
2023-10-31 00:00:00,8982.0,423466000.0,3016,140407,Jakarta,Beauty
2021-10-05 00:00:00,6377.0,260724000.0,2041,127743,Medan,Electronics
2022-06-29 00:00:00,5371.0,224487000.0,1721,130440,Surabaya,Home & Living
2022-10-24 00:00:00,7500.0,334389000.0,2332,143392,Surabaya,Beauty
2022-04-10 00:00:00,6401.0,282824000.0,2110,134040,Bandung,Food & Beverage
2023-07-11 00:00:00,7752.0,342706000.0,2791,122790,Medan,Fashion
2022-12-14 00:00:00,7005.0,325935000.0,2597,125504,Medan,Food & Beverage
2022-08-24 00:00:00,7334.0,372687000.0,2673,139426,Jakarta,Beauty
2023-01-24 00:00:00,7012.0,335935000.0,2736,122783,Bandung,Electronics
2021-08-02 00:00:00,6281.0,303120000.0,1863,162705,Surabaya,Electronics
2023-08-14 00:00:00,8920.0,423456000.0,2688,157536,Medan,Electronics
2023-10-07 00:00:00,9730.0,,3080,130884,Makassar,Electronics
2023-10-20 00:00:00,,371604000.0,3467,107183,Makassar,Home & Living
2021-09-15 00:00:00,6309.0,294177000.0,2172,135440,Makassar,Beauty
2021-05-25 00:00:00,4943.0,246581000.0,1599,154209,Surabaya,Fashion
2022-03-11 00:00:00,5750.0,239453000.0,1907,125566,Jakarta,Fashion
2023-05-11 00:00:00,7034.0,345553000.0,2354,146794,Bandung,Home & Living
2023-08-28 00:00:00,8306.0,380371000.0,3086,123257,Jakarta,Food & Beverage
2022-04-23 00:00:00,6658.0,305462000.0,2643,115574,Bandung,Fashion
2023-12-14 00:00:00,8208.0,361492000.0,2979,121347,Jakarta,Electronics
2022-01-10 00:00:00,6321.0,292894000.0,2147,136420,Jakarta,Beauty
2022-07-04 00:00:00,6005.0,251073000.0,1847,135936,Makassar,Fashion
2022-07-03 00:00:00,7282.0,337579000.0,2147,157233,Bandung,Beauty
2022-02-10 00:00:00,5577.0,,1633,161661,Bandung,Fashion
2022-09-04 00:00:00,8292.0,389882000.0,2479,157274,Makassar,Food & Beverage
2023-03-12 00:00:00,7750.0,340128000.0,2623,129671,Makassar,Electronics
2023-01-23 00:00:00,6413.0,271914000.0,2020,134611,Bandung,Home & Living
2022-11-08 00:00:00,7225.0,,2303,157129,Medan,Electronics
2021-08-25 00:00:00,5764.0,280435000.0,1809,155022,Medan,Fashion
2023-06-22 00:00:00,7720.0,326964000.0,3008,108698,Makassar,Home & Living
2021-06-17 00:00:00,5851.0,272753000.0,1975,138103,Jakarta,Beauty
2023-09-05 00:00:00,8073.0,365411000.0,2895,126222,Makassar,Home & Living
2022-10-30 00:00:00,9078.0,410571000.0,3159,129969,Medan,Food & Beverage
2023-03-10 00:00:00,6476.0,289270000.0,2227,129892,Medan,Fashion
2022-06-12 00:00:00,6915.0,330257000.0,2756,119832,Medan,Electronics
2022-07-25 00:00:00,6545.0,294072000.0,2047,143660,Surabaya,Beauty
2023-02-10 00:00:00,6770.0,270897000.0,2440,111023,Makassar,Electronics
2022-06-04 00:00:00,7049.0,313399000.0,2472,126780,Jakarta,Fashion
2021-10-15 00:00:00,6712.0,345497000.0,2422,142650,Makassar,Electronics
2022-08-10 00:00:00,6702.0,301103000.0,2424,124217,Jakarta,Beauty
2023-02-21 00:00:00,6099.0,264180000.0,1925,137236,Jakarta,Electronics
2022-07-27 00:00:00,6674.0,290226000.0,2009,144463,Bandung,Food & Beverage
2022-07-26 00:00:00,7061.0,296559000.0,2449,121094,Bandung,Fashion
2022-10-17 00:00:00,8468.0,406508000.0,2979,136458,Jakarta,Fashion
2023-10-12 00:00:00,9401.0,440063000.0,3361,130932,Makassar,Electronics
2022-02-08 00:00:00,5418.0,260443000.0,1647,158131,Surabaya,Electronics
2021-02-27 00:00:00,5052.0,,1463,148767,Surabaya,Fashion
2021-02-20 00:00:00,5266.0,237205000.0,1507,157402,Bandung,Beauty
2023-03-16 00:00:00,6343.0,279809000.0,1837,152318,Surabaya,Beauty
2021-05-12 00:00:00,4674.0,210938000.0,1395,151210,Makassar,Electronics
2023-04-18 00:00:00,27117.212177796107,1259907680.4952734,1890,147142,Medan,Electronics
2023-11-08 00:00:00,8588.0,389099000.0,2879,135151,Jakarta,Fashion
2021-06-22 00:00:00,5352.0,226348000.0,1929,117339,Medan,Food & Beverage
2021-05-17 00:00:00,4497.0,183878000.0,1355,135703,Makassar,Fashion
2022-09-10 00:00:00,8631.0,,3053,108791,Makassar,Fashion
2021-02-18 00:00:00,4281.0,194241000.0,1477,131510,Bandung,Fashion
2022-11-02 00:00:00,7980.0,338896000.0,2659,127452,Bandung,Food & Beverage
2023-04-10 00:00:00,6518.0,333844000.0,2519,132530,Surabaya,Fashion
2021-01-21 00:00:00,4830.0,222619000.0,1482,150215,Makassar,Fashion
2022-08-20 00:00:00,7950.0,346429000.0,3140,110328,Medan,Electronics
2021-09-24 00:00:00,7041.0,329063000.0,2543,129399,Jakarta,Fashion
2021-06-17 00:00:00,5851.0,272753000.0,1975,138103,Jakarta,Beauty
2023-07-20 00:00:00,8049.0,366662000.0,2834,129380,Medan,Fashion
2022-01-26 00:00:00,5240.0,250453000.0,1655,151331,Makassar,Fashion
2023-05-29 00:00:00,7265.0,331173000.0,2381,139090,Medan,Fashion
2021-04-13 00:00:00,4190.0,195503000.0,1265,154548,Surabaya,Electronics
2023-11-02 00:00:00,9246.0,428219000.0,3229,132617,Makassar,Fashion
2023-06-27 00:00:00,8028.0,342193000.0,2936,116551,Jakarta,Food & Beverage
2023-06-09 00:00:00,7801.0,373365000.0,2805,133107,Makassar,Electronics
2023-10-04 00:00:00,9162.0,387494000.0,2960,130910,Surabaya,Food & Beverage
2023-10-26 00:00:00,9004.0,398082000.0,3270,121738,Surabaya,Beauty
2022-10-27 00:00:00,7432.0,363777000.0,2515,144643,Medan,Food & Beverage
2023-09-12 00:00:00,8842.0,385935000.0,2902,132989,Jakarta,Food & Beverage
2022-03-24 00:00:00,5047.0,252257000.0,1973,127855,Jakarta,Fashion
2022-05-04 00:00:00,6173.0,278949000.0,1850,150783,Surabaya,Electronics
2021-10-03 00:00:00,7697.0,342373000.0,2969,115316,Surabaya,Home & Living
2021-11-04 00:00:00,6245.0,303263000.0,1870,162173,Makassar,Fashion
2023-05-30 00:00:00,7644.0,343558000.0,2601,132087,Makassar,Food & Beverage
2023-12-18 00:00:00,8183.0,328754000.0,2576,127622,Surabaya,Electronics
2021-01-08 00:00:00,4761.0,244061000.0,1725,141484,Makassar,Electronics
2021-05-06 00:00:00,5222.0,216375000.0,2087,103678,Makassar,Fashion
2023-12-05 00:00:00,8305.0,402130000.0,2626,153134,Medan,Fashion
2023-02-25 00:00:00,7810.0,374051000.0,2570,145545,Surabaya,Fashion
2021-06-02 00:00:00,4802.0,204984000.0,1390,147470,Medan,Fashion
2021-04-20 00:00:00,4341.0,195969000.0,1285,152505,Makassar,Fashion
2021-08-03 00:00:00,6006.0,278819000.0,1892,147368,Surabaya,Electronics
2022-03-27 00:00:00,6323.0,293430000.0,2325,126206,Bandung,Food & Beverage
2022-07-10 00:00:00,7157.0,334490000.0,2324,143929,Surabaya,Fashion
2022-02-26 00:00:00,6842.0,338934000.0,2106,160937,Bandung,Food & Beverage
2021-06-03 00:00:00,5093.0,232773000.0,2003,116212,Surabaya,Home & Living
2022-11-25 00:00:00,7576.0,348197000.0,2610,133409,Makassar,Beauty
2022-05-10 00:00:00,6137.0,277771000.0,2079,133608,Jakarta,Home & Living
2021-07-08 00:00:00,5417.0,259319000.0,1878,138083,Jakarta,Food & Beverage
2021-09-12 00:00:00,7051.0,312562000.0,2631,118800,Jakarta,Home & Living
2021-11-02 00:00:00,6473.0,270966000.0,1872,144747,Jakarta,Food & Beverage
2023-12-03 00:00:00,9080.0,415333000.0,2917,142383,Surabaya,Fashion
2022-06-21 00:00:00,5747.0,244018000.0,1759,138726,Medan,Electronics
2021-04-24 00:00:00,6147.0,250760000.0,2422,103534,Bandung,Fashion
2021-03-16 00:00:00,3352.0,159416000.0,995,160218,Jakarta,Fashion
2022-11-12 00:00:00,8739.0,358668000.0,2957,121295,Surabaya,Electronics
2021-09-11 00:00:00,,319493000.0,2587,123499,Makassar,Food & Beverage
2021-11-30 00:00:00,5965.0,264460000.0,2197,120373,Bandung,Fashion
2021-02-16 00:00:00,4049.0,198928000.0,1546,128673,Jakarta,Home & Living
2022-05-17 00:00:00,6279.0,294207000.0,1900,154846,Jakarta,Fashion
2022-12-07 00:00:00,7436.0,377009000.0,2393,157547,Bandung,Food & Beverage
2021-05-07 00:00:00,4282.0,196660000.0,1325,148423,Surabaya,Electronics
2023-03-01 00:00:00,5977.0,268495000.0,2081,129022,Jakarta,Home & Living
2021-01-18 00:00:00,4515.0,214952000.0,1304,164841,Surabaya,Food & Beverage
2021-03-06 00:00:00,5376.0,236701000.0,1703,138991,Makassar,Fashion
2022-11-05 00:00:00,8471.0,384345000.0,2690,142879,Medan,Electronics
2023-12-30 00:00:00,9156.0,400220000.0,3352,119397,Jakarta,Electronics
2021-12-10 00:00:00,5898.0,274089000.0,1766,155203,Bandung,Home & Living
2022-10-31 00:00:00,6825.0,274317000.0,1982,138404,Jakarta,Electronics
2023-08-15 00:00:00,8699.0,368841000.0,2670,138143,Bandung,Fashion
2023-08-05 00:00:00,9007.0,394258000.0,3056,129011,Makassar,Beauty
2023-02-17 00:00:00,6444.0,284007000.0,2207,128685,Surabaya,Home & Living
2022-04-11 00:00:00,5377.0,241603000.0,2055,117568,Jakarta,Food & Beverage
2021-03-19 00:00:00,4055.0,183734000.0,1315,139721,Jakarta,Fashion
2022-06-27 00:00:00,6243.0,288878000.0,2364,122199,Jakarta,Fashion
03/09/2021,6349.0,288774000.0,2175,132770,Medan,Electronics
2021-08-24 00:00:00,6551.0,324896000.0,2233,145498,Bandung,Fashion
2021-08-04 00:00:00,,284943000.0,1923,148176,Medan,Beauty
2022-03-30 00:00:00,5509.0,260546000.0,1802,144587,Bandung,Electronics
2023-12-27 00:00:00,8155.0,404501000.0,3056,132363,Surabaya,Home & Living
2021-10-27 00:00:00,6667.0,292727000.0,2096,139660,Medan,Food & Beverage
2023-03-24 00:00:00,6931.0,288448000.0,2413,119539,Jakarta,Beauty
2022-01-11 00:00:00,5434.0,264036000.0,2154,122579,Bandung,Food & Beverage
2022-05-15 00:00:00,6283.0,238185000.0,2439,97657,Surabaya,Beauty
2021-05-05 00:00:00,4727.0,243112000.0,1731,140446,Makassar,Food & Beverage
2021-11-05 00:00:00,6579.0,310257000.0,2447,126791,Medan,Electronics
2021-01-19 00:00:00,4138.0,192354000.0,1369,140507,Bandung,Fashion
2023-07-01 00:00:00,8945.0,402536000.0,2823,142592,Bandung,Food & Beverage
2022-08-05 00:00:00,6620.0,322065000.0,2390,134755,Bandung,Electronics
2021-03-04 00:00:00,3803.0,196829000.0,1241,158605,Surabaya,Electronics
2023-05-12 00:00:00,6534.0,252167000.0,2230,113080,Jakarta,Fashion
2022-01-20 00:00:00,5340.0,233291000.0,1692,137879,Medan,Electronics
2023-05-05 00:00:00,7312.0,327917000.0,2670,122815,Medan,Electronics
2021-09-17 00:00:00,6763.0,292618000.0,2110,138681,Medan,Beauty
2021-04-11 00:00:00,4851.0,224685000.0,1613,139296,Makassar,Food & Beverage
2021-11-14 00:00:00,7244.0,335867000.0,2468,136089,Makassar,Home & Living
2021-07-02 00:00:00,5240.0,242006000.0,1520,159214,Medan,Food & Beverage
2021-11-16 00:00:00,6278.0,270405000.0,2139,126417,Medan,Electronics
2023-05-27 00:00:00,8080.0,292315000.0,3168,92271,Medan,Home & Living
2022-12-16 00:00:00,7133.0,340139000.0,2559,132919,Jakarta,Fashion
2022-10-01 00:00:00,8339.0,367684000.0,2498,147191,Surabaya,Electronics
2022-09-09 00:00:00,7429.0,331625000.0,2123,156206,Medan,Fashion
2022-12-15 00:00:00,7276.0,292920000.0,2247,130360,Bandung,Home & Living
2021-11-29 00:00:00,6202.0,258570000.0,2256,114614,Bandung,Fashion
2021-12-23 00:00:00,5885.0,294865000.0,1907,154623,Medan,Beauty
2022-06-28 00:00:00,6531.0,334289000.0,2059,162355,Surabaya,Home & Living
2021-12-20 00:00:00,5879.0,286410000.0,2289,125124,Jakarta,Home & Living
2022-09-11 00:00:00,8574.0,407649000.0,2639,154471,Bandung,Electronics
2021-01-03 00:00:00,5783.0,225581000.0,1675,134675,Makassar,Electronics
2021-05-19 00:00:00,5008.0,264136000.0,1744,151454,Makassar,Fashion
2023-03-17 00:00:00,6382.0,300557000.0,2385,126020,Jakarta,Beauty
2023-10-29 00:00:00,9301.0,385587000.0,2798,137808,Makassar,Electronics
2023-01-18 00:00:00,6529.0,283075000.0,2332,121387,Jakarta,Home & Living
2022-04-09 00:00:00,6490.0,321126000.0,2072,154984,Makassar,Electronics
2021-09-20 00:00:00,5568.0,257116000.0,1921,133845,Bandung,Electronics
2022-04-19 00:00:00,5930.0,239058000.0,1746,136917,Makassar,Electronics
2023-10-23 00:00:00,8968.0,468450000.0,3031,154553,Jakarta,Fashion
2022-07-13 00:00:00,6448.0,283321000.0,2168,130683,Bandung,Beauty
2023-12-07 00:00:00,8407.0,352730000.0,2945,119773,Surabaya,Food & Beverage
2021-02-10 00:00:00,4444.0,212836000.0,1376,154677,Medan,Fashion
2022-01-22 00:00:00,6650.0,291821000.0,2500,116728,Medan,Electronics
2023-03-09 00:00:00,6671.0,291479000.0,1985,146841,Jakarta,Fashion
2021-03-14 00:00:00,5124.0,239245000.0,2020,118438,Surabaya,Fashion
2021-01-28 00:00:00,4436.0,208126000.0,1666,124926,Surabaya,Electronics
2021-12-17 00:00:00,6058.0,260753000.0,1867,139664,Makassar,Food & Beverage
2022-06-11 00:00:00,6402.0,260471000.0,1995,130562,Bandung,Electronics
2021-03-26 00:00:00,3927.0,163711000.0,1156,141619,Bandung,Electronics
2021-02-02 00:00:00,4277.0,182779000.0,1704,107265,Medan,Home & Living
2022-01-13 00:00:00,5697.0,254071000.0,1897,133933,Bandung,Food & Beverage
2023-09-04 00:00:00,8657.0,421660000.0,2855,147692,Bandung,Food & Beverage
2023-04-24 00:00:00,6858.0,330971000.0,2193,150922,Jakarta,Fashion
2021-12-18 00:00:00,7395.0,321029000.0,2283,140617,Medan,Fashion
2022-12-06 00:00:00,6799.0,306376000.0,2630,116493,Jakarta,Fashion
2021-07-11 00:00:00,6982.0,275721000.0,2780,99180,Bandung,Fashion
2023-11-03 00:00:00,8398.0,378419000.0,2540,148984,Makassar,Electronics
2023-08-30 00:00:00,8548.0,322133000.0,3007,107128,Medan,Food & Beverage
2021-10-28 00:00:00,6224.0,283510000.0,2140,132481,Medan,Electronics
2023-05-01 00:00:00,6644.0,291631000.0,1942,150170,Surabaya,Home & Living
2021-10-29 00:00:00,6298.0,257950000.0,2503,103056,Makassar,Fashion
2022-03-28 00:00:00,5633.0,236626000.0,1628,145348,Jakarta,Fashion
2022-04-20 00:00:00,6024.0,261532000.0,2227,117437,Jakarta,Fashion
2022-10-07 00:00:00,7649.0,383456000.0,2482,154495,Surabaya,Fashion
2022-11-21 00:00:00,7568.0,342423000.0,2291,149464,Surabaya,Food & Beverage
2023-03-13 00:00:00,6314.0,279235000.0,1935,144307,Jakarta,Food & Beverage
2022-02-02 00:00:00,5855.0,253554000.0,2129,119095,Medan,Fashion
2022-11-03 00:00:00,,359370000.0,2186,164396,Bandung,Electronics
2021-05-13 00:00:00,4350.0,193831000.0,1488,130262,Surabaya,Fashion
2021-08-11 00:00:00,6417.0,282876000.0,2021,139968,Makassar,Food & Beverage
2022-12-04 00:00:00,8078.0,344221000.0,3190,107906,Medan,Home & Living
2021-09-25 00:00:00,7124.0,323123000.0,2555,126467,Surabaya,Food & Beverage
2023-04-13 00:00:00,6327.0,279296000.0,1919,145543,Surabaya,Food & Beverage
2021-03-23 00:00:00,4264.0,170236000.0,1308,130150,Surabaya,Beauty
2021-04-26 00:00:00,4523.0,186644000.0,1384,134859,Bandung,Electronics
2021-11-26 00:00:00,6402.0,268002000.0,1895,141426,Makassar,Electronics
2023-04-08 00:00:00,7429.0,310393000.0,2252,137830,Bandung,Electronics
2021-07-28 00:00:00,6165.0,263427000.0,2342,112480,Bandung,Food & Beverage
2023-04-09 00:00:00,7468.0,341409000.0,2604,131109,Surabaya,Beauty
2022-02-25 00:00:00,5936.0,264958000.0,1767,149948,Surabaya,Beauty
2021-10-22 00:00:00,6614.0,282660000.0,2043,138355,Surabaya,Fashion
2023-01-13 00:00:00,6622.0,300156000.0,1909,157232,Makassar,Fashion
2022-02-12 00:00:00,6335.0,269524000.0,2241,120270,Bandung,Electronics
2023-02-26 00:00:00,7733.0,385459000.0,2315,166505,Bandung,Fashion
2021-10-23 00:00:00,7293.0,338267000.0,2155,156969,Makassar,Beauty
2023-05-24 00:00:00,6964.0,309312000.0,2041,151549,Surabaya,Electronics
2023-07-23 00:00:00,8606.0,392681000.0,3116,126021,Makassar,Beauty
2021-01-07 00:00:00,5016.0,182131000.0,1634,111463,Surabaya,Fashion
2022-11-14 00:00:00,7347.0,329799000.0,2201,149841,Makassar,Food & Beverage
2022-01-14 00:00:00,6288.0,283233000.0,2459,115182,Makassar,Home & Living
2022-10-19 00:00:00,7692.0,361799000.0,2836,127574,Jakarta,Fashion
2023-02-06 00:00:00,6575.0,311872000.0,2134,146144,Makassar,Electronics
2022-04-12 00:00:00,5636.0,240984000.0,1814,132847,Medan,Fashion
2022-09-23 00:00:00,7111.0,343143000.0,2527,135790,Makassar,Fashion
2022-12-22 00:00:00,7163.0,303171000.0,2062,147028,Jakarta,Beauty
2021-12-09 00:00:00,6135.0,305682000.0,1777,172022,Medan,Electronics
2023-10-17 00:00:00,8991.0,424593000.0,2591,163872,Makassar,Electronics
2023-12-06 00:00:00,8537.0,424662000.0,3313,128181,Medan,Home & Living
2022-10-16 00:00:00,8368.0,381325000.0,2440,156281,Surabaya,Fashion
2021-08-29 00:00:00,7171.0,315432000.0,2081,151577,Jakarta,Electronics
2022-06-17 00:00:00,5937.0,289964000.0,1796,161450,Medan,Food & Beverage
2021-08-21 00:00:00,,327286000.0,2859,114476,Bandung,Fashion
2023-03-31 00:00:00,6850.0,271255000.0,2553,106250,Surabaya,Fashion
2021-01-29 00:00:00,,171870000.0,1348,127500,Surabaya,Fashion
2022-08-07 00:00:00,8464.0,406214000.0,2649,153346,Bandung,Fashion
2023-10-14 00:00:00,9679.0,430834000.0,2916,147748,Makassar,Fashion
2021-03-13 00:00:00,5595.0,275006000.0,2203,124832,Jakarta,Fashion
2021-10-16 00:00:00,7617.0,328909000.0,2458,133812,Medan,Electronics
2022-11-06 00:00:00,8153.0,380354000.0,2937,129504,Medan,Home & Living
2021-12-05 00:00:00,7234.0,312863000.0,2237,139858,Medan,Fashion
2022-12-30 00:00:00,6811.0,293194000.0,2031,144359,Medan,Fashion
2023-08-03 00:00:00,8990.0,356836000.0,3391,105230,Bandung,Beauty
2022-02-01 00:00:00,4943.0,260361000.0,1759,148016,Medan,Electronics
2021-03-20 00:00:00,5175.0,231894000.0,1762,131609,Bandung,Electronics
2023-03-29 00:00:00,6787.0,318385000.0,2442,130379,Surabaya,Home & Living
2023-07-27 00:00:00,8542.0,396612000.0,3180,124721,Surabaya,Food & Beverage
2022-05-31 00:00:00,6018.0,265524000.0,1720,154375,Medan,Beauty
2021-01-16 00:00:00,-999.0,234267000.0,1547,151433,Makassar,Electronics
2023-11-07 00:00:00,9240.0,399880000.0,3114,128414,Makassar,Electronics
2022-10-23 00:00:00,8497.0,417377000.0,2571,162340,Jakarta,Food & Beverage
2021-10-11 00:00:00,6176.0,266701000.0,1944,137192,Bandung,Fashion
2022-05-09 00:00:00,5419.0,230417000.0,1646,139986,Medan,Fashion
2023-05-28 00:00:00,8320.0,390752000.0,3282,119059,Surabaya,Fashion
2022-09-12 00:00:00,7514.0,326063000.0,2272,143514,Medan,Food & Beverage
2022-04-08 00:00:00,5208.0,221817000.0,1545,143571,Jakarta,Home & Living
2022-02-21 00:00:00,5797.0,257518000.0,2152,119664,Surabaya,Home & Living
2022-03-02 00:00:00,5716.0,,1801,154454,Surabaya,Fashion
2022-04-13 00:00:00,5688.0,214592000.0,2173,98754,Bandung,Food & Beverage
2022-03-13 00:00:00,6790.0,269520000.0,2628,102557,Surabaya,Beauty
2022-10-22 00:00:00,8631.0,401624000.0,2740,146578,Bandung,Fashion
2021-05-15 00:00:00,5424.0,280055000.0,1919,145938,Medan,Beauty
2021-04-16 00:00:00,4443.0,201595000.0,1391,144928,Bandung,Fashion
2023-01-16 00:00:00,6559.0,292644000.0,1988,147205,Jakarta,Electronics
2022-08-17 00:00:00,7074.0,324340000.0,2211,146694,Jakarta,Home & Living
2021-05-06 00:00:00,5222.0,216375000.0,2087,103678,Makassar,Fashion
2022-07-24 00:00:00,7416.0,362566000.0,2877,126022,Medan,Beauty
2022-01-04 00:00:00,5774.0,245106000.0,1962,124927,Jakarta,Electronics
2022-08-30 00:00:00,6986.0,324638000.0,2062,157438,Makassar,Fashion
2023-08-02 00:00:00,8392.0,376977000.0,2711,139055,Makassar,Food & Beverage
2022-05-16 00:00:00,5979.0,250964000.0,2070,121239,Medan,Fashion
2023-08-23 00:00:00,8660.0,394708000.0,2550,154788,Jakarta,Beauty
2021-07-19 00:00:00,5521.0,249790000.0,1592,156903,Surabaya,Fashion
2022-10-29 00:00:00,8557.0,404121000.0,2693,150064,Bandung,Electronics
2021-04-30 00:00:00,4708.0,207708000.0,1843,112701,Bandung,Electronics
2022-08-18 00:00:00,7304.0,323017000.0,2546,126872,Makassar,Fashion
2021-03-22 00:00:00,4088.0,180505000.0,1355,133214,Surabaya,Fashion
2023-02-08 00:00:00,6383.0,253764000.0,2414,105122,Medan,Home & Living
2022-09-05 00:00:00,7411.0,375717000.0,2695,139413,Bandung,Fashion
2021-07-31 00:00:00,,333477000.0,2632,126701,Makassar,Electronics
2023-05-26 00:00:00,7756.0,362833000.0,2584,140415,Jakarta,Food & Beverage
2022-12-26 00:00:00,7072.0,297315000.0,2494,119212,Surabaya,Beauty
2023-07-26 00:00:00,8008.0,336956000.0,2330,144616,Bandung,Fashion
2022-02-04 00:00:00,5804.0,288040000.0,1912,150649,Makassar,Electronics
2023-09-08 00:00:00,32566.11584902685,1636949447.8926747,2924,136426,Bandung,Food & Beverage
2023-02-28 00:00:00,6457.0,279067000.0,1904,146569,Bandung,Food & Beverage
2023-09-27 00:00:00,9063.0,436088000.0,3479,125349,Jakarta,Home & Living
2022-04-03 00:00:00,6071.0,257211000.0,1899,135445,Surabaya,Electronics
2021-09-16 00:00:00,6659.0,314832000.0,2056,153129,Jakarta,Food & Beverage
2021-10-20 00:00:00,6339.0,314959000.0,2387,131948,Makassar,Fashion
2021-09-29 00:00:00,6127.0,275210000.0,2377,115781,Surabaya,Food & Beverage
2023-10-11 00:00:00,8676.0,381871000.0,2827,135080,Jakarta,Home & Living
2021-04-12 00:00:00,4158.0,186854000.0,1429,130759,Bandung,Fashion
2023-01-25 00:00:00,6402.0,296277000.0,2361,125488,Surabaya,Food & Beverage
2022-08-12 00:00:00,7127.0,327659000.0,2150,152400,Makassar,Fashion
2023-09-22 00:00:00,8581.0,423549000.0,2959,143139,Makassar,Fashion
2023-04-14 00:00:00,6407.0,309496000.0,2395,129226,Medan,Food & Beverage
2022-06-23 00:00:00,6332.0,304528000.0,1929,157868,Surabaya,Home & Living
2021-12-27 00:00:00,5997.0,238188000.0,1766,134874,Surabaya,Food & Beverage
2023-10-18 00:00:00,,391880000.0,3076,127399,Makassar,Beauty
2021-06-10 00:00:00,4859.0,201033000.0,1612,124710,Makassar,Fashion
2023-01-05 00:00:00,7210.0,324840000.0,2641,122999,Surabaya,Food & Beverage
2022-01-12 00:00:00,5915.0,255341000.0,2111,120957,Medan,Electronics
2023-02-27 00:00:00,6618.0,273294000.0,1896,144142,Makassar,Beauty
2023-10-03 00:00:00,9012.0,415712000.0,3510,118437,Makassar,Food & Beverage
2022-04-22 00:00:00,5726.0,236120000.0,1961,120408,Surabaya,Fashion
24/06/2021,5496.0,267704000.0,2039,131292,Medan,Home & Living
2023-08-01 00:00:00,8602.0,373937000.0,3230,115770,Bandung,Electronics
2022-08-21 00:00:00,7756.0,369316000.0,2810,131429,Medan,Fashion
2022-12-09 00:00:00,7756.0,332544000.0,2292,145089,Bandung,Electronics
2023-11-25 00:00:00,9723.0,444243000.0,3653,121610,Medan,Food & Beverage
2023-10-27 00:00:00,8507.0,383396000.0,2764,138710,Surabaya,Fashion
2023-04-15 00:00:00,7637.0,388526000.0,2407,161415,Medan,Food & Beverage
2022-12-08 00:00:00,6858.0,307346000.0,2028,151551,Bandung,Fashion
2023-10-30 00:00:00,8914.0,430951000.0,2684,160563,Surabaya,Beauty
2023-09-09 00:00:00,9954.0,466296000.0,3392,137469,Medan,Food & Beverage
2022-08-22 00:00:00,6936.0,284104000.0,2737,103801,Bandung,Food & Beverage
2023-07-16 00:00:00,8980.0,411584000.0,2800,146994,Makassar,Electronics
2023-12-15 00:00:00,8775.0,398851000.0,3367,118459,Makassar,Electronics
2022-01-06 00:00:00,5729.0,267911000.0,1667,160714,Makassar,Fashion
2022-08-02 00:00:00,6244.0,263707000.0,1815,145293,Medan,Electronics
2023-04-22 00:00:00,7923.0,362572000.0,2350,154286,Surabaya,Home & Living
2023-02-04 00:00:00,7945.0,363746000.0,2404,151309,Surabaya,Fashion
2022-05-11 00:00:00,5845.0,244231000.0,2178,112135,Jakarta,Electronics
2023-02-20 00:00:00,6557.0,322535000.0,2132,151283,Bandung,Electronics
2023-05-14 00:00:00,8558.0,412245000.0,2445,168607,Bandung,Fashion
2021-07-05 00:00:00,5831.0,264730000.0,2189,120936,Surabaya,Fashion
2022-07-20 00:00:00,6327.0,309732000.0,2163,143195,Makassar,Fashion
2023-08-11 00:00:00,8171.0,367459000.0,2511,146340,Makassar,Fashion
2023-01-27 00:00:00,6816.0,343017000.0,2575,133210,Medan,Food & Beverage
2022-09-18 00:00:00,,390465000.0,3190,122403,Medan,Electronics
2023-12-28 00:00:00,8153.0,332069000.0,2412,137674,Surabaya,Electronics
2022-04-26 00:00:00,5562.0,249677000.0,1869,133588,Surabaya,Food & Beverage
2022-01-01 00:00:00,6660.0,296945000.0,2423,122553,Surabaya,Food & Beverage
2022-11-15 00:00:00,7642.0,334032000.0,2862,116713,Makassar,Fashion
2023-07-10 00:00:00,8365.0,371544000.0,2582,143898,Medan,Home & Living
2022-04-02 00:00:00,6343.0,281565000.0,2085,135043,Makassar,Fashion
2022-12-31 00:00:00,7727.0,351620000.0,2247,156484,Bandung,Fashion
2023-07-29 00:00:00,9192.0,442865000.0,2680,165248,Surabaya,Beauty
2022-11-07 00:00:00,7333.0,330957000.0,2760,119912,Jakarta,Fashion
2023-09-13 00:00:00,8500.0,382530000.0,2498,153134,Medan,Electronics
2023-11-05 00:00:00,9818.0,459238000.0,3624,126721,Bandung,Home & Living
2022-07-02 00:00:00,7095.0,317579000.0,2632,120661,Medan,Beauty
2021-02-19 00:00:00,3644.0,162088000.0,1065,152196,Makassar,Home & Living
2023-07-30 00:00:00,8992.0,,3510,136495,Medan,Fashion
2023-06-30 00:00:00,7768.0,354528000.0,2244,157989,Medan,Electronics
2023-09-24 00:00:00,10426.0,478552000.0,4152,115258,Surabaya,Beauty
2023-06-24 00:00:00,8806.0,376585000.0,2646,142322,Bandung,Food & Beverage
2022-10-09 00:00:00,7910.0,351959000.0,2428,144958,Jakarta,Fashion
2023-05-15 00:00:00,6852.0,312909000.0,2095,149360,Bandung,Electronics
2022-12-18 00:00:00,8154.0,370519000.0,2331,158953,Medan,Fashion
2023-09-06 00:00:00,8331.0,379848000.0,2783,136489,Bandung,Beauty
2021-02-07 00:00:00,4655.0,232011000.0,1710,135679,Bandung,Beauty
2022-07-07 00:00:00,6583.0,315682000.0,2125,148556,Jakarta,Beauty
2021-05-16 00:00:00,6181.0,267797000.0,1923,139260,Medan,Electronics
2023-02-23 00:00:00,6675.0,266682000.0,1985,134349,Makassar,Fashion
2022-03-05 00:00:00,6619.0,278799000.0,2424,115016,Bandung,Beauty
2022-05-07 00:00:00,7117.0,324029000.0,2384,135918,Surabaya,Electronics
2022-02-21 00:00:00,5797.0,257518000.0,2152,119664,Surabaya,Home & Living
2022-04-29 00:00:00,5699.0,243877000.0,1787,136473,Jakarta,Fashion
2023-06-14 00:00:00,7976.0,369258000.0,2453,150533,Medan,Food & Beverage
2021-09-05 00:00:00,7268.0,336598000.0,2794,120472,Jakarta,Fashion
2022-04-14 00:00:00,5311.0,253074000.0,1871,135261,Medan,Fashion
2023-09-17 00:00:00,9874.0,428007000.0,2877,148769,Surabaya,Beauty
2023-08-24 00:00:00,9129.0,434093000.0,2677,162157,Bandung,Home & Living
2022-06-14 00:00:00,5651.0,286058000.0,1787,160077,Jakarta,Home & Living
2021-08-05 00:00:00,5897.0,279851000.0,2144,130527,Jakarta,Electronics
2021-05-05 00:00:00,4727.0,243112000.0,1731,140446,Makassar,Food & Beverage
2023-08-13 00:00:00,9547.0,434069000.0,2804,154804,Makassar,Electronics
2023-07-17 00:00:00,8278.0,406314000.0,2651,153268,Bandung,Food & Beverage
2023-09-14 00:00:00,9304.0,435448000.0,3271,133124,Medan,Home & Living
2023-02-12 00:00:00,7735.0,374228000.0,2995,124951,Jakarta,Home & Living
2023-07-25 00:00:00,8147.0,386361000.0,2443,158150,Jakarta,Fashion
2022-06-07 00:00:00,5652.0,241599000.0,1969,122702,Medan,Electronics
2022-01-27 00:00:00,5648.0,230117000.0,1670,137795,Bandung,Electronics
2021-05-27 00:00:00,4528.0,201015000.0,1756,114473,Makassar,Food & Beverage
2022-09-16 00:00:00,7916.0,373048000.0,3115,119758,Bandung,Food & Beverage
2022-06-03 00:00:00,5845.0,261663000.0,2148,121817,Bandung,Home & Living
2023-09-15 00:00:00,9120.0,370915000.0,2821,131484,Surabaya,Electronics
2023-03-30 00:00:00,6550.0,304581000.0,2409,126435,Medan,Food & Beverage
2023-03-22 00:00:00,6433.0,298126000.0,2356,126539,Jakarta,Electronics
2022-04-27 00:00:00,5326.0,213848000.0,1740,122901,Jakarta,Home & Living
2022-03-15 00:00:00,22468.912057986672,934202320.8823988,1797,118840,Bandung,Food & Beverage
2021-11-23 00:00:00,6593.0,317901000.0,2051,154998,Medan,Electronics
2022-07-31 00:00:00,7721.0,338942000.0,2418,140174,Surabaya,Beauty
2021-05-21 00:00:00,4866.0,242877000.0,1471,165110,Medan,Electronics
2021-12-16 00:00:00,5913.0,273154000.0,1897,143993,Makassar,Fashion
2021-03-03 00:00:00,4081.0,175201000.0,1483,118140,Jakarta,Food & Beverage
2022-01-08 00:00:00,7134.0,329458000.0,2145,153594,Makassar,Electronics
2022-02-23 00:00:00,5678.0,223728000.0,1787,125198,Bandung,Beauty
2022-05-05 00:00:00,5933.0,274640000.0,1786,153774,Jakarta,Home & Living
2023-07-03 00:00:00,8389.0,394090000.0,3033,129934,Bandung,Food & Beverage
2023-12-25 00:00:00,8123.0,399013000.0,3195,124887,Medan,Home & Living
2021-01-27 00:00:00,3987.0,193620000.0,1259,153789,Surabaya,Beauty
2022-11-18 00:00:00,7393.0,330851000.0,2377,139188,Surabaya,Electronics
2021-06-05 00:00:00,5846.0,268856000.0,1884,142705,Makassar,Beauty
2023-11-19 00:00:00,9771.0,415414000.0,2845,146016,Jakarta,Food & Beverage
2023-03-22 00:00:00,6433.0,298126000.0,2356,126539,Jakarta,Electronics
2023-06-03 00:00:00,8672.0,370150000.0,2940,125901,Makassar,Food & Beverage
2023-03-20 00:00:00,6859.0,316283000.0,2294,137874,Bandung,Food & Beverage
2023-04-17 00:00:00,7132.0,331577000.0,2623,126411,Jakarta,Fashion
2022-06-05 00:00:00,6332.0,345586000.0,2204,156799,Surabaya,Food & Beverage
2021-12-24 00:00:00,5791.0,264796000.0,1906,138928,Bandung,Electronics
2022-01-02 00:00:00,6836.0,282507000.0,2132,132508,Makassar,Fashion
2022-06-26 00:00:00,6732.0,283635000.0,2230,127190,Makassar,Fashion
2023-12-01 00:00:00,8383.0,,2873,136190,Jakarta,Fashion
2023-06-21 00:00:00,7574.0,340244000.0,2623,129715,Medan,Food & Beverage
2021-04-10 00:00:00,5196.0,208999000.0,1510,138410,Bandung,Fashion
2021-12-15 00:00:00,5773.0,237339000.0,2138,111010,Surabaya,Food & Beverage
2022-06-24 00:00:00,5871.0,258282000.0,1805,143093,Surabaya,Fashion
2023-10-01 00:00:00,9700.0,391284000.0,2786,140446,Medan,Fashion
2021-06-16 00:00:00,5510.0,249202000.0,1714,145392,Medan,Fashion
2021-12-11 00:00:00,6896.0,325545000.0,2086,156062,Makassar,Beauty
2022-12-29 00:00:00,7089.0,314217000.0,2137,147036,Medan,Food & Beverage
2023-07-07 00:00:00,8045.0,343444000.0,2402,142982,Jakarta,Beauty
2021-01-24 00:00:00,4933.0,224964000.0,1532,146843,Medan,Fashion
2022-11-10 00:00:00,7822.0,356541000.0,2919,122145,Surabaya,Beauty
2021-07-24 00:00:00,6533.0,300295000.0,2438,123173,Surabaya,Fashion
2021-02-03 00:00:00,,177240000.0,1384,128064,Bandung,Electronics
2021-07-17 00:00:00,6876.0,309284000.0,2072,149268,Bandung,Fashion
2023-09-10 00:00:00,9542.0,463837000.0,3581,129527,Makassar,Beauty
2022-02-06 00:00:00,6238.0,319291000.0,2185,146129,Bandung,Electronics
2022-11-24 00:00:00,7078.0,302551000.0,2368,127766,Medan,Fashion
2023-11-16 00:00:00,9067.0,401939000.0,3234,124285,Surabaya,Electronics
2021-07-06 00:00:00,5777.0,257321000.0,1757,146455,Makassar,Electronics
2023-08-21 00:00:00,8724.0,415480000.0,3005,138263,Bandung,Electronics
2021-04-08 00:00:00,4329.0,186979000.0,1683,111099,Bandung,Electronics
2022-12-03 00:00:00,8616.0,379463000.0,3376,112400,Makassar,Home & Living
2021-01-10 00:00:00,5670.0,274023000.0,1832,149576,Bandung,Fashion
2021-01-11 00:00:00,4357.0,182489000.0,1693,107791,Surabaya,Home & Living
2021-03-21 00:00:00,4554.0,194631000.0,1478,131685,Medan,Electronics
2022-12-11 00:00:00,8714.0,345010000.0,3214,107346,Medan,Electronics
2022-05-25 00:00:00,5500.0,239517000.0,2142,111819,Makassar,Fashion
2021-04-29 00:00:00,4813.0,229489000.0,1592,144152,Makassar,Electronics
2021-08-22 00:00:00,7145.0,295598000.0,2175,135907,Bandung,Home & Living
2021-08-23 00:00:00,6994.0,327326000.0,2510,130409,Makassar,Food & Beverage
2022-09-30 00:00:00,7736.0,347655000.0,3046,114135,Jakarta,Beauty
2023-09-26 00:00:00,8719.0,362546000.0,2641,137276,Medan,Electronics
2023-08-04 00:00:00,8129.0,348880000.0,2344,148840,Surabaya,Electronics
2021-10-17 00:00:00,7342.0,346726000.0,2181,158976,Makassar,Fashion
2022-03-04 00:00:00,5508.0,244134000.0,1724,141609,Jakarta,Home & Living
2023-03-08 00:00:00,6455.0,290609000.0,2255,128873,Bandung,Beauty
2023-11-23 00:00:00,8573.0,428538000.0,2881,148746,Jakarta,Fashion
2023-01-22 00:00:00,7310.0,356702000.0,2560,139337,Surabaya,Home & Living
2022-08-27 00:00:00,8570.0,398849000.0,2706,147394,Makassar,Home & Living
2023-08-09 00:00:00,8448.0,408548000.0,2671,152957,Bandung,Fashion
2021-04-23 00:00:00,4415.0,189882000.0,1509,125833,Surabaya,Food & Beverage
2023-11-14 00:00:00,8199.0,373227000.0,2842,131325,Bandung,Home & Living
2022-02-28 00:00:00,5601.0,234848000.0,1800,130471,Medan,Beauty
2023-03-18 00:00:00,7544.0,331930000.0,2459,134986,Surabaya,Electronics
2023-03-27 00:00:00,6064.0,304394000.0,1974,154202,Bandung,Electronics
2022-04-07 00:00:00,5421.0,258795000.0,1861,139062,Surabaya,Food & Beverage
2022-12-28 00:00:00,7002.0,316717000.0,2014,157258,Makassar,Home & Living
2021-01-01 00:00:00,4762.0,213133000.0,1376,154893,Bandung,Beauty
2022-10-20 00:00:00,7676.0,330379000.0,2196,150446,Bandung,Beauty
2023-03-03 00:00:00,6534.0,278161000.0,2185,127305,Surabaya,Electronics
2023-01-03 00:00:00,7047.0,346942000.0,2740,126621,Medan,Home & Living
2022-08-19 00:00:00,6859.0,,2339,137122,Bandung,Food & Beverage
2022-07-16 00:00:00,8003.0,364172000.0,2961,122990,Medan,Electronics
2022-01-08 00:00:00,7134.0,329458000.0,2145,153594,Makassar,Electronics
2022-02-16 00:00:00,5018.0,,1486,159006,Medan,Home & Living
2021-11-19 00:00:00,6042.0,276757000.0,1955,141564,Makassar,Electronics
2023-06-06 00:00:00,7589.0,310087000.0,2353,131784,Medan,Food & Beverage
2022-07-29 00:00:00,6862.0,320032000.0,2081,153788,Medan,Electronics
2022-03-12 00:00:00,6323.0,287188000.0,2375,120921,Medan,Fashion
2022-03-29 00:00:00,5056.0,232107000.0,1622,143099,Surabaya,Food & Beverage
2021-02-08 00:00:00,,177907000.0,1359,130910,Jakarta,Electronics
2021-07-03 00:00:00,32706.20774382517,1505806002.7690084,2244,136584,Makassar,Home & Living
2021-08-06 00:00:00,6072.0,298578000.0,1943,153669,Jakarta,Food & Beverage
2022-07-15 00:00:00,6450.0,284538000.0,2327,122277,Makassar,Food & Beverage
2021-11-03 00:00:00,6814.0,317596000.0,2350,135147,Jakarta,Food & Beverage
2023-08-31 00:00:00,9013.0,401970000.0,3076,130679,Makassar,Fashion
2021-11-10 00:00:00,6617.0,291372000.0,2255,129211,Bandung,Fashion
2022-12-20 00:00:00,6986.0,333163000.0,2056,162044,Medan,Food & Beverage
2021-11-28 00:00:00,6922.0,354165000.0,2753,128647,Medan,Home & Living
2021-02-06 00:00:00,5313.0,245800000.0,1695,145015,Bandung,Electronics
2023-04-28 00:00:00,7529.0,344889000.0,2640,130640,Makassar,Home & Living
2023-01-30 00:00:00,6851.0,328881000.0,2580,127473,Jakarta,Fashion
2023-03-15 00:00:00,6333.0,295637000.0,2348,125910,Bandung,Home & Living
2022-03-10 00:00:00,5515.0,240069000.0,1706,140720,Medan,Fashion
2021-06-13 00:00:00,5961.0,255643000.0,1736,147260,Medan,Food & Beverage
2021-09-21 00:00:00,6236.0,252964000.0,2256,112129,Jakarta,Food & Beverage
2021-08-20 00:00:00,6384.0,269287000.0,2197,122570,Surabaya,Electronics
2021-10-30 00:00:00,7683.0,323357000.0,2492,129758,Medan,Fashion
2021-06-25 00:00:00,5680.0,274192000.0,1996,137371,Surabaya,Fashion
2022-09-29 00:00:00,7948.0,349320000.0,2436,143399,Makassar,Beauty
2023-07-13 00:00:00,7886.0,369886000.0,2276,162516,Surabaya,Electronics
2023-12-16 00:00:00,9567.0,406551000.0,3351,121322,Bandung,Home & Living
2021-03-13 00:00:00,5595.0,275006000.0,2203,124832,Jakarta,Fashion
2021-06-18 00:00:00,5227.0,220782000.0,1527,144585,Bandung,Fashion
2022-04-01 00:00:00,5131.0,229360000.0,1751,130988,Jakarta,Fashion
2021-03-31 00:00:00,4349.0,182806000.0,1461,125124,Surabaya,Food & Beverage
2021-04-28 00:00:00,4106.0,175940000.0,1407,125046,Medan,Home & Living
2023-03-21 00:00:00,6217.0,277781000.0,1977,140506,Bandung,Food & Beverage
2021-11-18 00:00:00,6476.0,292533000.0,2581,113341,Makassar,Home & Living
2023-11-29 00:00:00,8860.0,390233000.0,2755,141645,Bandung,Electronics
2022-04-05 00:00:00,5036.0,223203000.0,1884,118473,Bandung,Fashion
2023-11-10 00:00:00,8697.0,359041000.0,3196,112341,Surabaya,Food & Beverage
2022-11-01 00:00:00,7940.0,351461000.0,2976,118098,Medan,Food & Beverage
2023-05-20 00:00:00,8719.0,406901000.0,3224,126210,Medan,Electronics
2021-09-28 00:00:00,6989.0,311192000.0,2251,138246,Medan,Fashion
2021-04-22 00:00:00,4377.0,187758000.0,1573,119363,Surabaya,Food & Beverage
2022-06-01 00:00:00,5949.0,239812000.0,1944,123360,Bandung,Fashion
2021-08-15 00:00:00,7280.0,339186000.0,2593,130808,Medan,Food & Beverage
2022-05-12 00:00:00,5375.0,194785000.0,1602,121589,Medan,Home & Living
2022-05-14 00:00:00,6431.0,306835000.0,2168,141529,Medan,Electronics
2022-12-19 00:00:00,,356454000.0,2827,126089,Bandung,Fashion
2023-11-27 00:00:00,8769.0,378385000.0,2526,149796,Surabaya,Fashion
2021-07-15 00:00:00,5911.0,272874000.0,2161,126272,Makassar,Fashion
2021-12-03 00:00:00,5886.0,279259000.0,2296,121628,Bandung,Food & Beverage
2022-10-11 00:00:00,7646.0,370713000.0,2383,155566,Surabaya,Electronics
2022-12-24 00:00:00,7641.0,327372000.0,2282,143458,Surabaya,Food & Beverage
2022-08-26 00:00:00,,318179000.0,2916,109115,Makassar,Fashion
2021-05-18 00:00:00,4651.0,208079000.0,1734,120000,Makassar,Electronics
2022-11-11 00:00:00,7914.0,338482000.0,2469,137093,Bandung,Electronics
2023-06-05 00:00:00,7949.0,334551000.0,3117,107331,Surabaya,Food & Beverage
2022-05-23 00:00:00,5478.0,235874000.0,1800,131041,Surabaya,Fashion
2022-10-25 00:00:00,7648.0,366035000.0,2472,148072,Makassar,Electronics
2022-01-29 00:00:00,7032.0,,2207,128792,Makassar,Fashion
2022-01-18 00:00:00,4951.0,229032000.0,1516,151077,Medan,Home & Living
2021-08-10 00:00:00,5638.0,235676000.0,2244,105025,Medan,Food & Beverage
2023-03-28 00:00:00,6595.0,340901000.0,2455,138860,Jakarta,Fashion
2022-08-29 00:00:00,7763.0,357506000.0,2284,156526,Surabaya,Fashion
2021-11-25 00:00:00,6411.0,272364000.0,2375,114680,Makassar,Electronics
2021-01-13 00:00:00,4547.0,190236000.0,1306,145663,Surabaya,Fashion
2023-06-08 00:00:00,7627.0,362969000.0,2453,147970,Jakarta,Fashion
2021-03-25 00:00:00,4010.0,168542000.0,1405,119959,Bandung,Home & Living
2021-07-26 00:00:00,6133.0,294239000.0,2009,146461,Jakarta,Home & Living
14/04/2021,4062.0,185500000.0,1217,152424,Jakarta,Food & Beverage
2021-11-06 00:00:00,7346.0,352542000.0,2315,152286,Medan,Beauty
2022-09-25 00:00:00,8599.0,407818000.0,3147,129589,Bandung,Fashion
2021-06-30 00:00:00,5713.0,259492000.0,1770,146606,Makassar,Beauty
2023-11-21 00:00:00,8437.0,338081000.0,2783,121481,Jakarta,Fashion
2022-05-13 00:00:00,5633.0,260860000.0,1665,156673,Makassar,Food & Beverage
2021-11-13 00:00:00,7551.0,352377000.0,2211,159374,Medan,Electronics
2021-05-22 00:00:00,6206.0,310516000.0,1780,174447,Medan,Beauty
2023-03-25 00:00:00,7560.0,313103000.0,2391,130951,Jakarta,Beauty
2023-08-10 00:00:00,8639.0,388752000.0,2657,146312,Jakarta,Electronics
2023-05-22 00:00:00,6910.0,306861000.0,2295,133708,Medan,Food & Beverage
2021-07-30 00:00:00,6212.0,262802000.0,2337,112453,Bandung,Fashion
2022-07-22 00:00:00,6183.0,238871000.0,2056,116182,Medan,Electronics
2021-05-23 00:00:00,5349.0,231807000.0,1643,141088,Bandung,Electronics
2022-05-30 00:00:00,5610.0,248218000.0,1912,129821,Surabaya,Fashion
2021-12-29 00:00:00,5784.0,266904000.0,1759,151736,Medan,Electronics
2021-01-05 00:00:00,4495.0,206954000.0,1399,147930,Medan,Fashion
2021-02-14 00:00:00,4755.0,223964000.0,1595,140416,Makassar,Home & Living
2021-10-09 00:00:00,7750.0,333207000.0,2236,149019,Medan,Fashion
2021-07-22 00:00:00,6239.0,275306000.0,1938,142057,Surabaya,Food & Beverage
2022-12-01 00:00:00,7269.0,331745000.0,2350,141168,Makassar,Fashion
2021-12-25 00:00:00,6963.0,367657000.0,2514,146244,Bandung,Fashion
2022-07-18 00:00:00,6317.0,265187000.0,2304,115098,Jakarta,Fashion
2023-07-08 00:00:00,8873.0,374254000.0,2573,145454,Bandung,Electronics
2022-01-07 00:00:00,5859.0,293017000.0,2285,128235,Medan,Food & Beverage
2023-02-03 00:00:00,6580.0,301778000.0,2147,140558,Makassar,Fashion
2023-01-09 00:00:00,7354.0,337273000.0,2756,122378,Jakarta,Fashion
2021-08-26 00:00:00,6437.0,285533000.0,2272,125675,Bandung,Home & Living
2023-02-14 00:00:00,6720.0,294130000.0,2394,122861,Jakarta,Fashion
2021-10-01 00:00:00,6562.0,286548000.0,1901,150735,Surabaya,Food & Beverage
2023-08-16 00:00:00,8746.0,376286000.0,3422,109961,Bandung,Home & Living
2021-07-14 00:00:00,5830.0,224684000.0,1984,113248,Jakarta,Food & Beverage
2022-05-29 00:00:00,6504.0,298972000.0,1968,151916,Medan,Beauty
2022-09-07 00:00:00,8095.0,340628000.0,3153,108033,Bandung,Electronics
2023-08-07 00:00:00,8479.0,385431000.0,3087,124856,Bandung,Beauty
2022-12-15 00:00:00,7276.0,292920000.0,2247,130360,Bandung,Home & Living
2021-07-29 00:00:00,7181.0,334719000.0,2133,156924,Jakarta,Fashion
2021-06-12 00:00:00,6536.0,302351000.0,2278,132726,Makassar,Electronics
2022-09-28 00:00:00,7191.0,318783000.0,2302,138481,Makassar,Electronics
2023-04-05 00:00:00,6430.0,280224000.0,2093,133886,Makassar,Food & Beverage
2022-12-13 00:00:00,7152.0,327576000.0,2112,155102,Medan,Fashion
2021-03-29 00:00:00,4283.0,204526000.0,1466,139513,Makassar,Home & Living
2023-07-04 00:00:00,7905.0,377977000.0,2540,148810,Medan,Electronics
2023-01-28 00:00:00,7714.0,319521000.0,2713,117774,Bandung,Food & Beverage
2021-07-10 00:00:00,6573.0,269539000.0,1968,136961,Medan,Food & Beverage
2021-06-28 00:00:00,5408.0,238240000.0,1611,147883,Medan,Fashion
2022-07-11 00:00:00,6150.0,282768000.0,1963,144049,Makassar,Fashion
2022-12-05 00:00:00,6855.0,330603000.0,2344,141042,Jakarta,Home & Living
2022-01-28 00:00:00,5095.0,202364000.0,1537,131662,Makassar,Home & Living
2021-06-03 00:00:00,5093.0,232773000.0,2003,116212,Surabaya,Home & Living
2022-11-29 00:00:00,6972.0,310382000.0,2037,152372,Bandung,Electronics
2023-12-10 00:00:00,9000.0,398703000.0,2699,147722,Jakarta,Food & Beverage
2023-09-30 00:00:00,9912.0,414151000.0,3784,109448,Surabaya,Electronics
2022-05-27 00:00:00,5747.0,260725000.0,2232,116812,Makassar,Electronics
2023-02-07 00:00:00,7110.0,336857000.0,2365,142434,Jakarta,Food & Beverage
2022-03-16 00:00:00,5289.0,230605000.0,1559,147919,Bandung,Beauty
2022-04-17 00:00:00,5809.0,262561000.0,2146,122349,Medan,Food & Beverage
2022-02-03 00:00:00,5406.0,246275000.0,1793,137354,Makassar,Fashion
2023-01-01 00:00:00,8007.0,370936000.0,3097,119773,Medan,Fashion
2021-02-05 00:00:00,3891.0,178858000.0,1426,125427,Surabaya,Electronics
2023-10-15 00:00:00,9726.0,438871000.0,2792,157189,Medan,Food & Beverage
2022-09-01 00:00:00,6721.0,324837000.0,1976,164391,Surabaya,Home & Living
2023-06-25 00:00:00,8781.0,377365000.0,2903,129991,Medan,Home & Living
2023-12-31 00:00:00,9348.0,437161000.0,3113,140431,Medan,Food & Beverage
2021-02-13 00:00:00,5114.0,239280000.0,2021,118397,Bandung,Electronics
2021-09-19 00:00:00,7520.0,326057000.0,2641,123460,Bandung,Fashion
2023-04-27 00:00:00,6867.0,300936000.0,2321,129658,Medan,Food & Beverage
2022-03-06 00:00:00,5773.0,253331000.0,2205,114889,Bandung,Electronics
2021-08-17 00:00:00,6070.0,282025000.0,1944,145075,Bandung,Food & Beverage
2021-01-06 00:00:00,4483.0,215179000.0,1287,167194,Bandung,Electronics
2022-11-09 00:00:00,8075.0,348307000.0,2605,133707,Jakarta,Electronics
2022-06-26 00:00:00,6732.0,283635000.0,2230,127190,Makassar,Fashion
2023-09-20 00:00:00,8802.0,392185000.0,2788,140669,Medan,Fashion
2022-08-09 00:00:00,6895.0,,2227,143077,Medan,Food & Beverage
2021-11-15 00:00:00,6424.0,330821000.0,2328,142105,Bandung,Electronics
2023-09-07 00:00:00,9041.0,390112000.0,3229,120815,Medan,Electronics
2023-10-28 00:00:00,9731.0,453846000.0,3403,133367,Medan,Home & Living
2021-02-04 00:00:00,4512.0,207484000.0,1316,157663,Bandung,Food & Beverage
2021-11-09 00:00:00,6630.0,328191000.0,2643,124174,Makassar,Electronics
2021-03-17 00:00:00,4386.0,207372000.0,1576,131581,Surabaya,Beauty
2021-06-23 00:00:00,5497.0,235222000.0,1662,141530,Jakarta,Home & Living
2021-04-05 00:00:00,,173015000.0,1451,119239,Bandung,Home & Living
2021-02-21 00:00:00,5049.0,210594000.0,1983,106200,Surabaya,Beauty
2022-07-06 00:00:00,6170.0,274182000.0,1893,144840,Makassar,Fashion
2023-08-22 00:00:00,8889.0,406994000.0,2626,154986,Medan,Electronics
2022-02-24 00:00:00,5341.0,239036000.0,1600,149398,Bandung,Home & Living
2021-08-09 00:00:00,6879.0,282475000.0,2019,139909,Jakarta,Electronics
2022-05-24 00:00:00,5757.0,245272000.0,1660,147755,Jakarta,Home & Living
2022-12-23 00:00:00,6545.0,252274000.0,2207,114306,Makassar,Electronics
2022-08-31 00:00:00,6863.0,321921000.0,2429,132532,Bandung,Fashion
2022-01-23 00:00:00,7101.0,356320000.0,2668,133553,Bandung,Beauty
2021-04-04 00:00:00,5122.0,238963000.0,1906,125374,Surabaya,Beauty
2022-10-14 00:00:00,8045.0,385552000.0,2597,148461,Jakarta,Fashion
2021-05-29 00:00:00,6091.0,255557000.0,1897,134717,Medan,Electronics
2022-04-28 00:00:00,5143.0,249399000.0,1643,151795,Surabaya,Home & Living
2022-02-07 00:00:00,5412.0,263170000.0,1625,161951,Medan,Electronics
2021-09-07 00:00:00,6599.0,315770000.0,2377,132844,Surabaya,Electronics
2021-12-07 00:00:00,,267721000.0,1840,145501,Makassar,Electronics
2023-02-16 00:00:00,6305.0,279650000.0,2465,113448,Jakarta,Food & Beverage
2021-07-20 00:00:00,5988.0,267675000.0,2346,114099,Bandung,Electronics
2022-12-21 00:00:00,,312260000.0,2262,138046,Makassar,Food & Beverage
2021-04-02 00:00:00,4498.0,189157000.0,1663,113744,Jakarta,Electronics
2022-06-25 00:00:00,7308.0,319998000.0,2212,144665,Makassar,Fashion
2022-11-23 00:00:00,7761.0,342053000.0,2556,133823,Surabaya,Fashion
2022-08-08 00:00:00,6856.0,299648000.0,2521,118861,Surabaya,Food & Beverage
2022-03-19 00:00:00,5692.0,247044000.0,2184,113115,Makassar,Fashion
2022-09-02 00:00:00,7722.0,356979000.0,2208,161675,Bandung,Fashion
2023-02-25 00:00:00,7810.0,374051000.0,2570,145545,Surabaya,Fashion
2021-10-08 00:00:00,6587.0,292300000.0,2619,111607,Bandung,Food & Beverage
2022-02-15 00:00:00,5574.0,243250000.0,1619,150247,Jakarta,Home & Living
2023-02-11 00:00:00,7383.0,355098000.0,2470,143764,Medan,Electronics
2023-06-15 00:00:00,7775.0,368530000.0,2961,124461,Surabaya,Electronics
2022-07-23 00:00:00,6942.0,299730000.0,2582,116085,Makassar,Fashion
2023-01-29 00:00:00,7393.0,353048000.0,2197,160695,Bandung,Fashion
2022-11-26 00:00:00,8559.0,419557000.0,3225,130095,Surabaya,Beauty
2023-12-13 00:00:00,7882.0,352889000.0,2742,128698,Makassar,Electronics
2022-11-19 00:00:00,8343.0,337762000.0,2607,129560,Surabaya,Electronics
2021-12-02 00:00:00,6101.0,280165000.0,2220,126200,Makassar,Fashion
2022-10-05 00:00:00,7647.0,319620000.0,2272,140678,Medan,Fashion
2021-11-11 00:00:00,6756.0,298935000.0,2605,114754,Bandung,Fashion
2023-08-20 00:00:00,10053.0,438032000.0,3453,126855,Jakarta,Electronics
2023-12-11 00:00:00,8672.0,402378000.0,2616,153814,Makassar,Food & Beverage
2023-05-16 00:00:00,6935.0,310930000.0,2393,129933,Makassar,Home & Living
2022-05-22 00:00:00,6553.0,321928000.0,2268,141944,Jakarta,Electronics
2023-10-02 00:00:00,9104.0,431997000.0,3353,128839,Jakarta,Beauty
2023-10-06 00:00:00,9207.0,445377000.0,3635,122525,Makassar,Food & Beverage
2021-04-03 00:00:00,5003.0,221780000.0,1618,137071,Surabaya,Beauty
2022-08-16 00:00:00,7098.0,323712000.0,2742,118057,Jakarta,Beauty
2023-06-23 00:00:00,,361132000.0,3220,112153,Bandung,Electronics
2023-11-20 00:00:00,8691.0,388396000.0,2729,142322,Surabaya,Beauty
2022-01-30 00:00:00,6827.0,333095000.0,2615,127379,Medan,Electronics
2023-12-02 00:00:00,9145.0,381013000.0,3495,109017,Medan,Beauty
2022-07-30 00:00:00,6968.0,308572000.0,2513,122790,Makassar,Home & Living
2022-07-28 00:00:00,6529.0,310254000.0,2066,150172,Surabaya,Beauty
2021-10-06 00:00:00,6577.0,264133000.0,2088,126500,Surabaya,Food & Beverage
2023-01-06 00:00:00,7031.0,331331000.0,2368,139920,Makassar,Fashion
2023-06-13 00:00:00,7894.0,340021000.0,2729,124595,Surabaya,Beauty
2021-10-07 00:00:00,6439.0,318190000.0,2326,136797,Jakarta,Food & Beverage
2022-10-02 00:00:00,8338.0,395211000.0,2672,147908,Jakarta,Fashion
2021-12-04 00:00:00,7025.0,334268000.0,2374,140804,Jakarta,Food & Beverage
2021-08-16 00:00:00,5950.0,266483000.0,2085,127809,Medan,Fashion
2022-11-30 00:00:00,7613.0,357916000.0,2469,144964,Bandung,Fashion
2021-01-09 00:00:00,5378.0,239768000.0,1831,130949,Jakarta,Home & Living
2021-03-27 00:00:00,5024.0,228773000.0,1457,157016,Makassar,Beauty
2023-07-02 00:00:00,8972.0,381749000.0,2613,146096,Jakarta,Electronics
2023-10-25 00:00:00,8862.0,398270000.0,2845,139989,Jakarta,Beauty
2023-06-10 00:00:00,8733.0,406441000.0,3266,124446,Surabaya,Electronics
2023-05-18 00:00:00,7184.0,334501000.0,2689,124396,Surabaya,Electronics
2021-04-07 00:00:00,4331.0,177577000.0,1600,110986,Jakarta,Home & Living
2021-12-08 00:00:00,6147.0,272035000.0,2381,114252,Bandung,Fashion
2021-05-02 00:00:00,5236.0,225059000.0,1920,117218,Makassar,Fashion
2021-06-06 00:00:00,6638.0,315303000.0,2373,132871,Medan,Food & Beverage
2023-07-05 00:00:00,8036.0,322863000.0,2528,127715,Bandung,Electronics
2023-03-04 00:00:00,7552.0,349436000.0,2329,150037,Jakarta,Food & Beverage
2023-04-12 00:00:00,,237317000.0,1896,125167,Medan,Fashion
2022-09-26 00:00:00,7533.0,347266000.0,2995,115949,Jakarta,Fashion
2022-04-16 00:00:00,6407.0,282899000.0,2007,140956,Bandung,Electronics
2022-07-12 00:00:00,6183.0,281846000.0,2327,121120,Medan,Fashion
2022-12-25 00:00:00,8256.0,366310000.0,3222,113690,Bandung,Food & Beverage
2021-10-21 00:00:00,6766.0,305128000.0,1964,155361,Makassar,Food & Beverage
2023-09-23 00:00:00,9800.0,450599000.0,3466,130006,Jakarta,Home & Living
2023-06-26 00:00:00,7378.0,328808000.0,2252,146007,Bandung,Fashion
2023-05-31 00:00:00,8063.0,353458000.0,2414,146420,Makassar,Fashion
2021-06-14 00:00:00,5515.0,247251000.0,1657,149216,Medan,Beauty
2023-06-28 00:00:00,8017.0,353350000.0,2817,125435,Medan,Fashion
2022-11-28 00:00:00,7456.0,338105000.0,2684,125971,Bandung,Electronics
2021-10-10 00:00:00,8025.0,386183000.0,2917,132390,Medan,Fashion
2021-12-31 00:00:00,6000.0,282103000.0,1916,147235,Jakarta,Home & Living
2023-01-17 00:00:00,6823.0,268497000.0,2413,111271,Makassar,Beauty
2021-11-07 00:00:00,7334.0,313362000.0,2109,148583,Surabaya,Fashion
2022-05-26 00:00:00,5836.0,245948000.0,1853,132729,Bandung,Electronics
2021-06-29 00:00:00,6322.0,307513000.0,1975,155703,Bandung,Home & Living
2021-03-11 00:00:00,3938.0,189311000.0,1310,144512,Surabaya,Fashion
2022-06-08 00:00:00,6032.0,263709000.0,2034,129650,Makassar,Electronics
2023-11-24 00:00:00,8922.0,402056000.0,3068,131048,Medan,Food & Beverage
2023-10-13 00:00:00,8937.0,387575000.0,2599,149124,Jakarta,Food & Beverage
2021-05-04 00:00:00,4116.0,174904000.0,1467,119226,Medan,Electronics
2021-02-28 00:00:00,5241.0,215062000.0,1703,126284,Jakarta,Fashion
2023-11-13 00:00:00,8877.0,400829000.0,2670,150123,Jakarta,Beauty
2021-12-30 00:00:00,5925.0,289562000.0,2005,144420,Bandung,Fashion
2022-08-09 00:00:00,6895.0,318632000.0,2227,143077,Medan,Food & Beverage
2021-09-23 00:00:00,6174.0,277564000.0,2069,134153,Surabaya,Fashion
2023-07-24 00:00:00,8414.0,366215000.0,2959,123763,Jakarta,Fashion
2023-08-26 00:00:00,10257.0,473561000.0,3214,147343,Surabaya,Food & Beverage
2022-01-16 00:00:00,6357.0,298451000.0,1855,160890,Medan,Home & Living
2022-08-28 00:00:00,8306.0,378227000.0,2942,128561,Makassar,Electronics
2023-04-16 00:00:00,7727.0,319226000.0,2840,112403,Makassar,Fashion
2023-07-21 00:00:00,8797.0,443381000.0,3411,129986,Jakarta,Fashion
2023-06-07 00:00:00,7324.0,315815000.0,2804,112630,Medan,Electronics
2021-05-28 00:00:00,4521.0,195549000.0,1484,131772,Bandung,Fashion
2021-09-09 00:00:00,6766.0,252622000.0,1943,130017,Surabaya,Electronics
2023-03-05 00:00:00,7086.0,308800000.0,2367,130461,Medan,Fashion
2023-11-06 00:00:00,9057.0,397932000.0,3503,113598,Jakarta,Fashion
2021-08-01 00:00:00,7357.0,330874000.0,2636,125521,Medan,Electronics
2022-03-17 00:00:00,5423.0,218080000.0,1977,110308,Makassar,Fashion
2022-07-19 00:00:00,6793.0,328892000.0,2501,131504,Bandung,Fashion
2021-11-27 00:00:00,7198.0,281457000.0,2222,126668,Bandung,Fashion
2023-08-06 00:00:00,9271.0,402628000.0,3088,130385,Bandung,Fashion
2021-10-04 00:00:00,6618.0,331776000.0,2135,155399,Medan,Food & Beverage
2023-08-27 00:00:00,9714.0,434109000.0,3504,123890,Makassar,Fashion
2023-08-12 00:00:00,9992.0,439824000.0,3246,135497,Jakarta,Electronics
2023-03-26 00:00:00,7815.0,355004000.0,2958,120015,Surabaya,Fashion
2023-06-29 00:00:00,8491.0,333848000.0,3355,99508,Jakarta,Beauty
2022-03-25 00:00:00,5179.0,225940000.0,1791,126153,Medan,Home & Living
2022-01-21 00:00:00,5603.0,264265000.0,2029,130244,Jakarta,Fashion
2023-05-10 00:00:00,7148.0,308902000.0,2692,114748,Jakarta,Electronics
2022-06-09 00:00:00,5641.0,273291000.0,1750,156166,Bandung,Food & Beverage
2021-10-31 00:00:00,7635.0,371093000.0,2773,133824,Makassar,Beauty
2022-05-03 00:00:00,5341.0,224086000.0,1759,127394,Surabaya,Food & Beverage
2023-06-18 00:00:00,8998.0,424036000.0,2831,149783,Bandung,Food & Beverage
2023-10-09 00:00:00,8946.0,378417000.0,3436,110133,Bandung,Food & Beverage
2021-01-20 00:00:00,3976.0,180727000.0,1143,158116,Makassar,Fashion
2021-11-21 00:00:00,6965.0,324035000.0,2219,146028,Jakarta,Electronics
2021-09-18 00:00:00,7256.0,270111000.0,2482,108828,Surabaya,Fashion
2021-05-11 00:00:00,4173.0,186154000.0,1287,144642,Medan,Electronics
2022-02-14 00:00:00,5520.0,245597000.0,1836,133767,Medan,Fashion
2022-02-05 00:00:00,,303402000.0,2081,145796,Bandung,Beauty
2021-02-01 00:00:00,4845.0,222410000.0,1928,115358,Surabaya,Electronics
2021-02-24 00:00:00,4463.0,189481000.0,1542,122880,Medan,Electronics
2023-11-17 00:00:00,8455.0,418283000.0,2463,169826,Makassar,Electronics
2021-05-31 00:00:00,,208504000.0,1537,135656,Medan,Beauty
2023-04-30 00:00:00,7659.0,358932000.0,2564,139989,Medan,Fashion
2022-11-04 00:00:00,7488.0,333004000.0,2342,142188,Jakarta,Home & Living
2023-05-23 00:00:00,6753.0,300802000.0,2167,138810,Makassar,Home & Living
2023-05-09 00:00:00,6778.0,291714000.0,2078,140382,Makassar,Home & Living
2021-04-17 00:00:00,5897.0,257788000.0,1802,143057,Surabaya,Electronics
2023-01-14 00:00:00,7807.0,350516000.0,2655,132021,Bandung,Fashion
2023-06-01 00:00:00,7164.0,346538000.0,2692,128729,Surabaya,Electronics
2023-01-20 00:00:00,6313.0,287133000.0,2400,119639,Makassar,Electronics
2023-01-26 00:00:00,7467.0,321531000.0,2256,142522,Surabaya,Home & Living
2021-01-25 00:00:00,4188.0,201644000.0,1524,132312,Medan,Fashion
2023-03-23 00:00:00,6361.0,256257000.0,2083,123023,Bandung,Food & Beverage
2022-10-24 00:00:00,7500.0,334389000.0,2332,143392,Surabaya,Beauty
2022-06-18 00:00:00,6605.0,298568000.0,2018,147953,Bandung,Fashion
2023-09-18 00:00:00,8932.0,369225000.0,2689,137309,Bandung,Fashion
2021-03-24 00:00:00,4604.0,205839000.0,1654,124449,Bandung,Electronics
2021-09-13 00:00:00,6367.0,264170000.0,1834,144040,Surabaya,Food & Beverage
2023-11-01 00:00:00,8636.0,407218000.0,3029,134440,Jakarta,Electronics
2022-09-06 00:00:00,7007.0,312510000.0,2277,137246,Bandung,Home & Living
2022-01-15 00:00:00,6378.0,271976000.0,2132,127568,Bandung,Fashion
2021-03-18 00:00:00,4168.0,191082000.0,1207,158311,Jakarta,Beauty
2022-01-24 00:00:00,5813.0,254631000.0,2261,112619,Bandung,Home & Living
2022-02-11 00:00:00,5064.0,219488000.0,1466,149719,Surabaya,Food & Beverage
2021-10-19 00:00:00,6373.0,311650000.0,2445,127464,Medan,Fashion
2023-03-06 00:00:00,6144.0,276207000.0,2059,134146,Makassar,Food & Beverage
2022-12-17 00:00:00,8463.0,368571000.0,2562,143861,Bandung,Home & Living
2021-04-21 00:00:00,3798.0,171390000.0,1249,137222,Medan,Food & Beverage
2022-09-17 00:00:00,9006.0,393491000.0,3093,127220,Surabaya,Home & Living
2023-08-19 00:00:00,9836.0,418452000.0,3109,134594,Bandung,Food & Beverage
2023-07-28 00:00:00,8419.0,391604000.0,2930,133653,Bandung,Fashion
2021-09-04 00:00:00,7315.0,329222000.0,2249,146386,Medan,Food & Beverage
2021-05-26 00:00:00,5117.0,224435000.0,1618,138711,Makassar,Home & Living
2023-11-09 00:00:00,9041.0,448860000.0,2706,165876,Makassar,Beauty
2021-05-09 00:00:00,5638.0,260711000.0,2069,126008,Medan,Electronics
2023-10-24 00:00:00,8843.0,418740000.0,3243,129121,Bandung,Food & Beverage
2022-09-15 00:00:00,8061.0,367331000.0,2940,124943,Bandung,Beauty
2022-08-08 00:00:00,6856.0,299648000.0,2521,118861,Surabaya,Food & Beverage
2022-04-06 00:00:00,5992.0,276251000.0,1997,138333,Jakarta,Electronics
2022-05-02 00:00:00,5471.0,265032000.0,1697,156177,Jakarta,Beauty
2023-11-30 00:00:00,7982.0,389859000.0,3107,125478,Bandung,Fashion
2021-04-01 00:00:00,4230.0,202308000.0,1411,143379,Medan,Electronics
2021-07-25 00:00:00,6681.0,287263000.0,2024,141928,Medan,Fashion
2022-05-08 00:00:00,6698.0,294055000.0,2363,124441,Bandung,Fashion
2021-06-20 00:00:00,6071.0,247460000.0,1880,131627,Medan,Fashion
2023-12-08 00:00:00,8553.0,364063000.0,2803,129883,Surabaya,Home & Living
2023-01-15 00:00:00,7943.0,352482000.0,2858,123332,Surabaya,Fashion
2021-02-26 00:00:00,3895.0,150131000.0,1139,131809,Jakarta,Fashion
2022-02-09 00:00:00,5262.0,246136000.0,1874,131342,Surabaya,Home & Living
2021-08-30 00:00:00,6383.0,275480000.0,2031,135638,Surabaya,Home & Living
2022-08-23 00:00:00,7201.0,326783000.0,2131,153347,Jakarta,Fashion
2021-12-13 00:00:00,5579.0,270694000.0,1625,166581,Makassar,Home & Living
2021-04-08 00:00:00,,186979000.0,1683,111099,Bandung,Electronics
2023-04-07 00:00:00,7052.0,333157000.0,2453,135816,Jakarta,Fashion
2021-04-27 00:00:00,4434.0,190318000.0,1773,107342,Medan,Fashion
2021-07-21 00:00:00,6065.0,289667000.0,2018,143542,Medan,Beauty
2021-11-22 00:00:00,5892.0,274655000.0,2148,127866,Jakarta,Electronics
2022-04-25 00:00:00,5924.0,274858000.0,2305,119244,Medan,Food & Beverage
2021-11-20 00:00:00,7905.0,391967000.0,2539,154379,Medan,Food & Beverage
2021-07-13 00:00:00,5386.0,224562000.0,1552,144692,Bandung,Electronics
2023-11-28 00:00:00,7672.0,336587000.0,2505,134366,Bandung,Food & Beverage
2022-03-20 00:00:00,6288.0,260902000.0,2309,112993,Jakarta,Home & Living
2022-12-27 00:00:00,6954.0,310181000.0,2708,114542,Bandung,Electronics
2023-09-16 00:00:00,9795.0,373312000.0,3101,120384,Surabaya,Home & Living
2022-03-31 00:00:00,5204.0,253334000.0,1784,142003,Medan,Electronics
2022-06-13 00:00:00,5989.0,257518000.0,2203,116894,Makassar,Electronics
2023-09-03 00:00:00,9218.0,441516000.0,2849,154972,Jakarta,Home & Living
2022-07-05 00:00:00,6227.0,288222000.0,1827,157757,Surabaya,Fashion
2023-05-17 00:00:00,7153.0,328014000.0,2149,152636,Makassar,Food & Beverage
2023-09-19 00:00:00,8260.0,359123000.0,2693,133354,Surabaya,Food & Beverage
2021-03-10 00:00:00,4240.0,169874000.0,1629,104281,Medan,Electronics
2022-03-01 00:00:00,,278155000.0,2067,134570,Jakarta,Fashion
2021-10-24 00:00:00,7766.0,333672000.0,2873,116141,Surabaya,Beauty
2023-01-08 00:00:00,8161.0,390571000.0,3137,124505,Jakarta,Electronics
2023-11-22 00:00:00,8390.0,373135000.0,3312,112661,Jakarta,Home & Living
2022-08-25 00:00:00,6849.0,287650000.0,2240,128415,Surabaya,Food & Beverage
2023-05-21 00:00:00,8080.0,365759000.0,2844,128607,Makassar,Electronics
2023-09-25 00:00:00,9080.0,425572000.0,2729,155944,Makassar,Beauty
2022-01-31 00:00:00,5324.0,230780000.0,1908,120954,Jakarta,Food & Beverage
2022-03-03 00:00:00,5015.0,234410000.0,1871,125286,Medan,Food & Beverage
2023-09-21 00:00:00,8674.0,378556000.0,2552,148337,Bandung,Fashion
2022-07-14 00:00:00,6220.0,286214000.0,1933,148067,Jakarta,Electronics
2022-06-10 00:00:00,5339.0,242056000.0,1691,143144,Bandung,Fashion
2021-05-22 00:00:00,6206.0,310516000.0,1780,174447,Medan,Beauty
2021-01-15 00:00:00,3935.0,199666000.0,1195,167084,Makassar,Electronics
2021-09-10 00:00:00,7133.0,340977000.0,2778,122742,Jakarta,Fashion
2021-08-27 00:00:00,6192.0,306320000.0,2421,126526,Surabaya,Fashion
2023-04-21 00:00:00,6695.0,271074000.0,2677,101260,Jakarta,Food & Beverage
2021-05-01 00:00:00,5733.0,279454000.0,1650,169366,Jakarta,Home & Living
2023-04-25 00:00:00,6806.0,308250000.0,2093,147277,Bandung,Fashion
2021-10-13 00:00:00,5956.0,280156000.0,1915,146296,Jakarta,Electronics
2023-04-26 00:00:00,6915.0,317585000.0,2607,121820,Jakarta,Electronics
2022-07-09 00:00:00,7365.0,388656000.0,2173,178857,Jakarta,Food & Beverage
2021-07-16 00:00:00,,291116000.0,1730,168275,Makassar,Electronics
2021-12-12 00:00:00,7095.0,333395000.0,2135,156157,Jakarta,Beauty
2022-06-30 00:00:00,5888.0,265369000.0,1815,146209,Surabaya,Fashion
2021-09-08 00:00:00,6106.0,247570000.0,2082,118910,Medan,Electronics
2023-01-10 00:00:00,7147.0,308504000.0,2699,114303,Bandung,Fashion
2022-10-08 00:00:00,8639.0,386063000.0,2474,156048,Bandung,Food & Beverage
2023-10-05 00:00:00,9083.0,385046000.0,2804,137320,Surabaya,Fashion
2022-02-17 00:00:00,4890.0,234058000.0,1878,124632,Bandung,Electronics
2022-05-01 00:00:00,6237.0,284415000.0,2484,114499,Jakarta,Fashion
2022-03-07 00:00:00,4945.0,238666000.0,1855,128661,Medan,Home & Living
2023-06-17 00:00:00,8661.0,420659000.0,3164,132952,Surabaya,Home & Living
2023-08-18 00:00:00,8766.0,359088000.0,3231,111138,Makassar,Electronics
2023-07-22 00:00:00,8815.0,429428000.0,2995,143382,Surabaya,Fashion
2021-10-18 00:00:00,6462.0,296602000.0,1874,158272,Medan,Food & Beverage
2023-04-03 00:00:00,7239.0,312278000.0,2112,147859,Makassar,Fashion
2021-01-17 00:00:00,5127.0,234068000.0,1488,157304,Medan,Electronics
2021-06-08 00:00:00,4757.0,219422000.0,1459,150392,Bandung,Home & Living
2021-09-01 00:00:00,6694.0,293419000.0,2136,137368,Surabaya,Electronics
2021-03-08 00:00:00,4110.0,213198000.0,1526,139711,Medan,Food & Beverage
2023-12-12 00:00:00,8213.0,393909000.0,2639,149264,Surabaya,Fashion
2021-12-26 00:00:00,6605.0,308444000.0,2302,133989,Makassar,Beauty
2021-04-06 00:00:00,3796.0,172018000.0,1131,152094,Bandung,Food & Beverage
2022-09-24 00:00:00,9092.0,394501000.0,2882,136884,Makassar,Electronics
2022-05-20 00:00:00,5525.0,236563000.0,2152,109927,Surabaya,Fashion
2022-04-18 00:00:00,5055.0,235300000.0,1748,134611,Makassar,Food & Beverage
2023-06-27 00:00:00,8028.0,342193000.0,2936,116551,Jakarta,Food & Beverage
2022-08-01 00:00:00,6900.0,302397000.0,2496,121153,Jakarta,Electronics
2023-02-19 00:00:00,7695.0,376503000.0,2385,157863,Jakarta,Food & Beverage
2022-06-06 00:00:00,6005.0,275592000.0,2337,117926,Medan,Beauty
2021-11-17 00:00:00,6337.0,302787000.0,1965,154090,Jakarta,Fashion
2022-06-15 00:00:00,6125.0,295476000.0,2052,143994,Surabaya,Electronics
2022-02-13 00:00:00,6408.0,288287000.0,2244,128470,Makassar,Electronics
2022-10-28 00:00:00,7672.0,382984000.0,2416,158520,Surabaya,Food & Beverage
2021-12-28 00:00:00,6289.0,297211000.0,1986,149653,Bandung,Fashion
2022-03-09 00:00:00,5218.0,258987000.0,1621,159770,Makassar,Electronics
2022-03-08 00:00:00,4688.0,237444000.0,1873,126772,Bandung,Food & Beverage
2022-04-30 00:00:00,6424.0,273446000.0,2333,117208,Surabaya,Fashion
2021-06-01 00:00:00,5092.0,229647000.0,1651,139096,Jakarta,Fashion
2021-11-24 00:00:00,6472.0,284170000.0,2497,113805,Surabaya,Home & Living
2021-09-14 00:00:00,6897.0,273092000.0,2639,103483,Makassar,Fashion
2021-11-08 00:00:00,6720.0,273742000.0,2582,106020,Bandung,Food & Beverage
2023-09-02 00:00:00,9643.0,460753000.0,3680,125205,Bandung,Fashion
2021-11-01 00:00:00,6439.0,,2182,126979,Medan,Electronics
2023-02-24 00:00:00,6657.0,283462000.0,2365,119857,Bandung,Electronics
2023-10-21 00:00:00,10489.0,391393000.0,4109,95253,Surabaya,Beauty
2022-02-18 00:00:00,5729.0,259305000.0,1980,130962,Bandung,Fashion
2021-05-14 00:00:00,4826.0,231139000.0,1721,134305,Makassar,Electronics
2021-02-01 00:00:00,4845.0,222410000.0,1928,115358,Surabaya,Electronics
2023-02-05 00:00:00,7382.0,329217000.0,2799,117619,Makassar,Fashion
2023-02-22 00:00:00,6610.0,293301000.0,2017,145415,Makassar,Electronics
2022-04-04 00:00:00,5222.0,222052000.0,1630,136228,Medan,Fashion
2021-06-11 00:00:00,5406.0,270411000.0,1796,150563,Bandung,Fashion
2021-12-06 00:00:00,5929.0,263825000.0,1908,138273,Bandung,Fashion
2021-10-14 00:00:00,6494.0,282706000.0,2308,122489,Surabaya,Home & Living
2021-09-06 00:00:00,7001.0,340043000.0,2520,134938,Makassar,Food & Beverage
2022-03-02 00:00:00,5716.0,278171000.0,1801,154454,Surabaya,Fashion
2023-08-08 00:00:00,8579.0,364905000.0,2887,126396,Medan,Food & Beverage
2022-08-03 00:00:00,7050.0,351399000.0,2247,156386,Bandung,Beauty
2023-10-16 00:00:00,8772.0,368354000.0,3178,115908,Makassar,Electronics
2023-05-04 00:00:00,7229.0,349711000.0,2669,131027,Makassar,Food & Beverage
2023-04-29 00:00:00,7614.0,334788000.0,2935,114067,Makassar,Electronics
2023-12-19 00:00:00,8179.0,372570000.0,2589,143905,Jakarta,Food & Beverage
2021-01-02 00:00:00,5559.0,251487000.0,2061,122022,Jakarta,Home & Living
2023-01-07 00:00:00,7954.0,363511000.0,2873,126527,Jakarta,Electronics
2021-07-27 00:00:00,6148.0,273455000.0,2122,128866,Makassar,Fashion
2023-11-15 00:00:00,9106.0,416412000.0,3077,135331,Medan,Fashion
2022-09-22 00:00:00,7932.0,334681000.0,2586,129421,Bandung,Food & Beverage
2023-12-17 00:00:00,9195.0,471423000.0,3156,149373,Makassar,Electronics
2023-06-20 00:00:00,7784.0,375281000.0,2270,165322,Bandung,Home & Living
2023-01-02 00:00:00,6643.0,277200000.0,2302,120417,Makassar,Food & Beverage
2022-06-19 00:00:00,6785.0,322671000.0,2225,145021,Surabaya,Electronics
2021-09-22 00:00:00,6471.0,294733000.0,2391,123267,Surabaya,Electronics
2021-10-02 00:00:00,7264.0,307605000.0,2596,118492,Jakarta,Beauty
2023-11-13 00:00:00,8877.0,400829000.0,2670,150123,Jakarta,Beauty
2021-03-12 00:00:00,4241.0,221887000.0,1558,142418,Makassar,Electronics
2022-10-03 00:00:00,7625.0,306168000.0,2489,123008,Jakarta,Home & Living
2022-03-21 00:00:00,4927.0,179249000.0,1631,109901,Makassar,Electronics
2021-02-09 00:00:00,4288.0,189827000.0,1280,148302,Medan,Home & Living
2021-04-09 00:00:00,4260.0,195781000.0,1658,118083,Surabaya,Fashion
2023-11-04 00:00:00,9319.0,438171000.0,3295,132981,Medan,Fashion
2021-01-22 00:00:00,4312.0,225141000.0,1620,138976,Surabaya,Home & Living
2022-12-07 00:00:00,7436.0,377009000.0,2393,157547,Bandung,Food & Beverage
2022-02-19 00:00:00,6440.0,318363000.0,2109,150954,Medan,Beauty
2022-06-02 00:00:00,5514.0,262723000.0,1954,134454,Bandung,Electronics
2021-05-30 00:00:00,6041.0,260090000.0,2264,114881,Makassar,Electronics
2023-04-06 00:00:00,7006.0,273688000.0,2650,103279,Surabaya,Fashion
2023-06-11 00:00:00,8658.0,408436000.0,3006,135874,Jakarta,Food & Beverage
2022-10-10 00:00:00,7701.0,348168000.0,2617,133041,Jakarta,Food & Beverage
2021-12-21 00:00:00,5909.0,266293000.0,2058,129394,Jakarta,Fashion
2023-05-08 00:00:00,7070.0,298954000.0,2383,125453,Surabaya,Home & Living
2021-10-25 00:00:00,6583.0,335973000.0,2131,157660,Surabaya,Fashion
2023-07-06 00:00:00,8153.0,348222000.0,2893,120367,Jakarta,Fashion
2021-02-22 00:00:00,3957.0,160986000.0,1213,132718,Bandung,Home & Living
2023-04-20 00:00:00,6634.0,351176000.0,2400,146323,Makassar,Electronics
2021-07-18 00:00:00,6864.0,326154000.0,2253,144764,Makassar,Food & Beverage
2023-07-14 00:00:00,8472.0,349731000.0,3374,103655,Jakarta,Food & Beverage
2021-05-03 00:00:00,4944.0,226601000.0,1762,128604,Jakarta,Food & Beverage
2021-07-23 00:00:00,6246.0,286093000.0,1857,154062,Surabaya,Beauty
09/03/2021,4433.0,180986000.0,1296,139650,Jakarta,Food & Beverage
2021-08-12 00:00:00,5740.0,247799000.0,2249,110182,Surabaya,Food & Beverage
2021-05-08 00:00:00,5424.0,254373000.0,1564,162642,Medan,Food & Beverage
2022-10-18 00:00:00,7710.0,284429000.0,2546,111716,Medan,Electronics
2023-04-19 00:00:00,6983.0,312020000.0,2539,122891,Jakarta,Food & Beverage
2023-08-17 00:00:00,8791.0,,3506,110553,Bandung,Electronics
2023-05-13 00:00:00,8468.0,460792000.0,2734,168541,Makassar,Fashion
2021-05-20 00:00:00,4411.0,187881000.0,1296,144970,Bandung,Beauty
2022-02-22 00:00:00,5363.0,229798000.0,1596,143984,Surabaya,Electronics
2023-08-25 00:00:00,8504.0,379161000.0,3022,125467,Bandung,Fashion
07/08/2021,7012.0,327256000.0,2282,143408,Bandung,Home & Living
2022-07-01 00:00:00,6314.0,310895000.0,2365,131457,Makassar,Food & Beverage
2023-04-23 00:00:00,7395.0,343164000.0,2246,152789,Medan,Home & Living
2021-06-07 00:00:00,5239.0,204404000.0,1629,125478,Makassar,Food & Beverage
2021-07-09 00:00:00,5235.0,223219000.0,2072,107731,Surabaya,Fashion
2022-08-13 00:00:00,7640.0,316794000.0,2330,135963,Surabaya,Fashion
2023-01-31 00:00:00,6460.0,277709000.0,2501,111039,Makassar,Electronics
2021-08-31 00:00:00,6577.0,290005000.0,2073,139896,Jakarta,Home & Living
2023-06-04 00:00:00,8582.0,396661000.0,3134,126567,Jakarta,Food & Beverage
2022-09-13 00:00:00,7226.0,323218000.0,2151,150264,Makassar,Fashion
2022-10-13 00:00:00,8265.0,377814000.0,3028,124773,Jakarta,Fashion
2022-05-19 00:00:00,5884.0,265155000.0,2176,121854,Bandung,Home & Living
2023-07-12 00:00:00,8118.0,316506000.0,2918,108467,Bandung,Beauty
2021-06-09 00:00:00,5330.0,259489000.0,2048,126704,Surabaya,Electronics
2023-06-02 00:00:00,7194.0,344195000.0,2849,120812,Bandung,Food & Beverage
2022-06-22 00:00:00,5902.0,254209000.0,1914,132816,Medan,Home & Living
2021-08-29 00:00:00,7171.0,315432000.0,2081,151577,Jakarta,Electronics
2021-01-14 00:00:00,3889.0,167738000.0,1445,116082,Makassar,Electronics
2022-04-21 00:00:00,5467.0,259044000.0,1817,142567,Bandung,Beauty
2023-12-04 00:00:00,8805.0,409400000.0,2560,159922,Jakarta,Home & Living
2023-07-18 00:00:00,8652.0,355361000.0,2478,143407,Surabaya,Food & Beverage
2023-03-07 00:00:00,6783.0,316372000.0,2032,155695,Makassar,Fashion
2021-12-22 00:00:00,5602.0,257274000.0,1637,157162,Medan,Fashion
2021-12-01 00:00:00,6449.0,284853000.0,2327,122412,Jakarta,Electronics
2022-11-20 00:00:00,8658.0,409361000.0,2593,157872,Surabaya,Fashion
2021-07-04 00:00:00,6531.0,287859000.0,2267,126978,Medan,Home & Living
2023-04-04 00:00:00,6447.0,286879000.0,1858,154402,Makassar,Beauty
2023-11-18 00:00:00,9752.0,391995000.0,3723,105290,Bandung,Electronics
2023-09-29 00:00:00,9171.0,431121000.0,3093,139386,Jakarta,Fashion
2021-07-07 00:00:00,5631.0,265370000.0,1741,152424,Surabaya,Fashion
2023-07-31 00:00:00,8653.0,399583000.0,3337,119743,Bandung,Home & Living
2021-10-12 00:00:00,7185.0,362674000.0,2240,161908,Surabaya,Fashion
2023-06-19 00:00:00,7410.0,341254000.0,2416,141248,Surabaya,Food & Beverage
2021-06-15 00:00:00,5368.0,250572000.0,1679,149239,Medan,Fashion
2021-12-14 00:00:00,5579.0,254081000.0,1832,138690,Jakarta,Food & Beverage
2021-10-26 00:00:00,6728.0,305534000.0,2101,145423,Surabaya,Fashion
2022-06-20 00:00:00,6007.0,279040000.0,2340,119248,Medan,Home & Living
2021-08-18 00:00:00,6500.0,293775000.0,2293,128118,Surabaya,Electronics
2021-02-11 00:00:00,4268.0,207268000.0,1644,126075,Jakarta,Electronics
2023-05-19 00:00:00,7297.0,342504000.0,2883,118801,Makassar,Electronics
2023-01-19 00:00:00,6562.0,297127000.0,2401,123751,Bandung,Food & Beverage
2023-12-21 00:00:00,8365.0,376596000.0,2889,130355,Bandung,Fashion
2022-03-23 00:00:00,5435.0,273466000.0,1979,138184,Makassar,Electronics
2021-12-16 00:00:00,5913.0,273154000.0,1897,143993,Makassar,Fashion
2021-02-15 00:00:00,3977.0,,1257,139543,Bandung,Electronics
2023-12-24 00:00:00,9285.0,412805000.0,2790,147959,Surabaya,Home & Living
2023-11-04 00:00:00,9319.0,438171000.0,3295,132981,Medan,Fashion
2021-04-19 00:00:00,4430.0,206552000.0,1670,123684,Medan,Electronics
2021-01-30 00:00:00,5218.0,,1595,163259,Jakarta,Fashion
2021-07-01 00:00:00,5286.0,274659000.0,1726,159130,Surabaya,Food & Beverage
2022-09-14 00:00:00,7621.0,350544000.0,2178,160948,Makassar,Fashion
2022-09-27 00:00:00,7371.0,372325000.0,2257,164964,Medan,Home & Living
2021-04-15 00:00:00,4263.0,209302000.0,1505,139071,Medan,Home & Living
2021-03-02 00:00:00,3994.0,191839000.0,1214,158022,Jakarta,Electronics
2022-10-21 00:00:00,7738.0,305732000.0,2222,137593,Makassar,Fashion
2022-05-06 00:00:00,5668.0,266868000.0,1695,157444,Makassar,Fashion
2021-11-12 00:00:00,6362.0,311618000.0,1958,159151,Makassar,Electronics
2022-01-17 00:00:00,5419.0,241887000.0,2079,116348,Medan,Food & Beverage
2022-02-27 00:00:00,6238.0,292496000.0,2122,137840,Bandung,Fashion
2023-12-26 00:00:00,8130.0,311903000.0,2785,111994,Bandung,Fashion
2022-03-22 00:00:00,5522.0,248045000.0,1776,139665,Jakarta,Beauty
2022-10-26 00:00:00,7489.0,373241000.0,2933,127256,Bandung,Food & Beverage
2023-10-22 00:00:00,10360.0,460269000.0,3245,141839,Surabaya,Electronics
2023-02-19 00:00:00,7695.0,376503000.0,2385,157863,Jakarta,Food & Beverage
2022-09-19 00:00:00,7262.0,321131000.0,2878,111581,Medan,Food & Beverage
2021-09-26 00:00:00,7422.0,312340000.0,2351,132854,Medan,Food & Beverage
2023-07-19 00:00:00,8179.0,293980000.0,2908,101093,Surabaya,Home & Living
2021-01-12 00:00:00,4346.0,203538000.0,1391,146325,Surabaya,Electronics
2021-04-25 00:00:00,5362.0,269455000.0,2040,132086,Bandung,Home & Living
2023-04-24 00:00:00,6858.0,,2193,150922,Jakarta,Fashion
2021-12-19 00:00:00,7197.0,336522000.0,2381,141336,Bandung,Fashion
2023-08-01 00:00:00,8602.0,373937000.0,3230,115770,Bandung,Electronics
2023-02-13 00:00:00,6831.0,285048000.0,2308,123504,Medan,Fashion
2022-11-22 00:00:00,7316.0,297218000.0,2113,140662,Makassar,Electronics
2023-03-02 00:00:00,6602.0,302653000.0,2449,123582,Bandung,Food & Beverage
2022-06-16 00:00:00,5446.0,237781000.0,2173,109425,Jakarta,Fashion
2023-05-18 00:00:00,7184.0,334501000.0,2689,124396,Surabaya,Electronics
2021-06-19 00:00:00,6093.0,277295000.0,1907,145409,Bandung,Fashion
2021-08-28 00:00:00,7655.0,347901000.0,2663,130642,Bandung,Home & Living
2021-03-15 00:00:00,4606.0,215465000.0,1721,125198,Surabaya,Electronics
2023-12-23 00:00:00,9535.0,418844000.0,3588,116735,Surabaya,Beauty
2023-02-01 00:00:00,6661.0,327575000.0,2231,146829,Makassar,Food & Beverage
2023-01-11 00:00:00,6280.0,289394000.0,1808,160063,Bandung,Electronics
2023-01-21 00:00:00,7448.0,,2702,115549,Medan,Home & Living
2023-01-12 00:00:00,6437.0,267572000.0,1974,135548,Bandung,Fashion
2023-04-11 00:00:00,6207.0,262208000.0,2030,129166,Jakarta,Fashion
2021-02-17 00:00:00,4500.0,200453000.0,1613,124273,Medan,Electronics
2023-02-02 00:00:00,7384.0,326757000.0,2634,124053,Jakarta,Electronics
2022-08-15 00:00:00,6792.0,296185000.0,2527,117208,Surabaya,Electronics
2023-03-19 00:00:00,7336.0,355955000.0,2382,149435,Makassar,Home & Living
2023-12-20 00:00:00,8886.0,453804000.0,3457,131271,Surabaya,Fashion
2022-05-21 00:00:00,6579.0,292463000.0,1948,150135,Medan,Electronics
2023-11-11 00:00:00,9648.0,391684000.0,3348,116990,Jakarta,Fashion
2022-10-15 00:00:00,8623.0,400994000.0,2515,159441,Medan,Fashion
2021-07-12 00:00:00,5807.0,270157000.0,1812,149093,Surabaya,Food & Beverage
2021-09-02 00:00:00,6082.0,276790000.0,2253,122854,Medan,Fashion
2021-03-01 00:00:00,4433.0,221300000.0,1551,142682,Bandung,Fashion
2021-06-26 00:00:00,6454.0,,2276,132794,Surabaya,Fashion
2022-03-26 00:00:00,6019.0,260001000.0,2201,118128,Medan,Fashion
2021-02-25 00:00:00,4430.0,186156000.0,1361,136779,Medan,Fashion
2023-07-09 00:00:00,9083.0,431331000.0,2683,160764,Surabaya,Electronics
2023-12-29 00:00:00,8371.0,369981000.0,2738,135128,Surabaya,Electronics
2023-11-26 00:00:00,9437.0,389000000.0,2989,130144,Makassar,Electronics
2022-10-04 00:00:00,8226.0,344182000.0,2632,130768,Makassar,Beauty
